grade_level,topic_subject,text_type,topic_category,quality_tier,replicate_number,topic_ description,prompt_used,generated_text,text_length,text_generated_date,GBT 5.5_teacher_Validator,alidator_generated_date,cograder_feedback,cograder_grade,cograder_generated_date,eval_presence_of_praise,eval_specificity,eval_anchoring_to_evidence,eval_process_vs_trait_framing,eval_warranted_acknowledgement,eval_strength_acknowledged_overall,eval_reasoning
9th grade,ELA,Argumentative,Should students be required to wear school uniforms?,Weak,w1.1,"argues for uniforms, focuses on academic focus/reduced distraction","Act as a 9th grade student and write an WEAK ELA argumentative essay (400-600 words) who is rushing to finish before the bell rings on the topic: {Should students be required to wear school uniforms?} taking the position: {argues for uniforms, focuses on academic focus/reduced distraction}. State it in one flat sentence without explaining why. Give 1-2 reasons but don't explain how they connect to your opinion. Don't respond to anyone who might disagree with you. Jump between ideas without connecting them. Include a few run-on sentences and at least one sentence where the subject and verb don't agree. End abruptly without wrapping up. Include repetitive transitions. 
","Students should have to wear school uniforms. Also school is a place to learn and not a fashion show. My cousin goes to a school with uniforms and she says it's fine. Anyway uniforms would help because kids won't be looking at what everyone else is wearing all day, they would just focus on class. Also in the morning it's faster to get dressed which means less time worrying about clothes and more time thinking about school work and tests and stuff like that. Another thing is uniforms is more professional looking and it prepare students for real jobs where you have to wear certain clothes anyway. So that's another reason. Furthermore, teachers probably like it better too because they don't have to deal with dress code violations every single day which take up class time. Furthermore, when everyone dresses the same there isn't as much drama. Furthermore I think it would just make the whole school calmer. Some people wear crazy outfits and it's distracting not just for them but for other students trying to concentrate. My brother says he don't like uniforms but I think he's wrong.

Studies has shown that uniforms help schools but I don't remember which studies. My teacher mentioned it once. Anyway, uniforms would save time in the morning and helps kids focus more in class which is the whole point of school in the first place. Some schools that started uniforms saw grades go up, at least that's what I heard somewhere. Also there's less bullying about clothes but that's not really about academic focus so I'll just mention it here anyway. Furthermore, uniforms make the school look neater and more put together when parents come to visit or when theres like an assembly or something important going on.

I think people worry too much about expressing themselves through clothes when they should be worrying about their grades and passing their classes honestly. Clothes don't define who you are anyway so it shouldn't matter what everyone wears to school every day. Furthermore, school",340,7/28/2026,"developing, C",7/29/2026,"Feedback
6

/

10

Summary
You did a great job maintaining a clear stance on school uniforms and organizing your thoughts into logical paragraphs. Your arguments were easy to follow and showed a strong commitment to your position.

3 Things You Did Well
You organized your ideas into clear paragraphs, which helped the audience follow your logic from one point to the next.
You used relatable examples, like the professionalism of uniforms, to show how school clothing can prepare students for future careers.
Your strongest asset was your consistent stance; you never wavered in your position, which made your argument feel very persuasive and determined.
2 Things to Improve
To make your transitions smoother, try using more varied phrases instead of repeating 'another thing.' For example, instead of 'Another thing is uniforms are professional,' you could say, 'In addition to safety, uniforms foster a professional environment.'
Your evidence will be much stronger if you replace vague memories with specific facts. Instead of saying 'Studies has shown,' try a concrete rewrite like: 'According to a 2023 study by the Department of Education, schools with uniforms saw a 10% increase in attendance.'
1 Question I Still Have
Review your draft to fix subject-verb agreement (change 'Studies has' to 'Studies have') and finish your concluding paragraph with a strong final thought.
Rubric
1) Purpose/Organization

You maintain a clear stance in favor of uniforms and organize your ideas into paragraphs, though your transitions are somewhat repetitive and the conclusion is unfinished. ""Another thing is uniforms is more professional looking and it prepare students for real jobs where you have to wear certain clothes anyway."" To improve, ensure you complete your concluding paragraph and use a wider variety of transitional phrases beyond ""furthermore"" and ""another thing.""

Score

2
2) Evidence/Elaboration

You provide several logical reasons for your claim, but your evidence relies heavily on personal anecdotes and vague references rather than specific facts from sources. ""Studies has shown that uniforms help schools but I don't remember which studies."" Try to include specific data, statistics, or quotes from credible sources instead of relying on what you heard or personal stories about your cousin and brother.

Score

2
3) Conventions

You demonstrate an adequate command of conventions, although you have some minor subject-verb agreement errors and missing apostrophes. ""Studies has shown that uniforms help schools but I don't remember which studies."" Try to ensure your subjects and verbs match, such as saying 'Studies have shown' instead of 'Studies has shown,' and remember to use apostrophes in contractions like 'there's'.

Score

2",6/10,7/29/2026,1,1,1,1,1,1,"The student response contains several meaningful strengths to acknowledge: a clear claim in favor of uniforms, multiple reasons supporting that claim, paragraph-level organization, and specific ideas such as professionalism, focus, and saving time. The teacher feedback does acknowledge these strengths directly and specifically. It says the student maintained a clear stance, organized thoughts into logical paragraphs, and used a relatable example about professionalism preparing students for future careers. These comments are tied to actual features of the student’s draft, not generic praise. The feedback also frames the strengths in terms of writing moves and argument choices, such as organization, use of examples, and consistency of stance, which supports a process-oriented view. Because the praise is specific, anchored in the student text, and names promising parts of the response as worth noticing, the feedback meets the criterion."
9th grade,ELA,Argumentative,Should students be required to wear school uniforms?,Weak,w1.2,"argues for uniforms, focuses on cost savings/reduced bullying over clothing","Act as a 9th grade student and write an WEAK ELA argumentative essay (400-600 words) who is rushing to finish before the bell rings on the topic: {Should students be required to wear school uniforms?} taking the position: {argues for uniforms, focuses on cost savings/reduced bullying over clothing}. State it in one flat sentence without explaining why. Give 1-2 reasons but don't explain how they connect to your opinion. Don't respond to anyone who might disagree with you. Jump between ideas without connecting them. Include a few run-on sentences and at least one sentence where the subject and verb don't agree. End abruptly without wrapping up. Include repetitive transitions. ","Schools should require uniforms for all students. My mom says clothes are expensive and she complain about it every year before school starts. Uniforms would save families money because you don't need like twenty different outfits, you just need a few uniform pieces and that's it basically. Also there's less bullying when everyone wear the same thing, nobody can make fun of your shoes or your jacket if everybody has the same jacket basically its just fair for everyone. My older sister told me a story about a girl in her school who got made fun of for wearing the same shirt twice in one week which is crazy but it happens all the time honestly.

Furthermore, buying uniforms is cheaper than buying trendy clothes because trendy clothes change every single year and uniforms just stay the same so you can even reuse them for your younger siblings later. Furthermore, some families don't have a lot of money and uniforms level the playing field so nobody knows who's rich or who's poor at school which is good I think. Furthermore, bullying is a huge problem in schools today and anything that reduces it even a little bit is worth trying honestly in my opinion.

Some people has nice clothes and some people don't and it's not fair when kids get judged for it every day at school. Uniforms fixes this because everyone looks the same walking through the hallway. Also parents won't fight about buying the newest shoes or whatever brand is popular right now because it won't matter anymore with uniforms.

Furthermore, school uniforms is a good choice for saving money. My cousin's school has uniforms and her mom said it saves a lot of stress in September buying clothes for school every single year. Bullying over clothes happens a lot more than people think and",307,7/28/2026,"developing, C",7/29/2026,"Feedback
5

/

10

Summary
You presented a clear argument for school uniforms supported by relatable personal stories and a logical flow. Your presentation effectively highlights the social and financial benefits of uniforms for students and families.

3 Things You Did Well
Your use of personal anecdotes, like the story about your sister's classmate, makes your argument relatable and helps the audience understand the real-world impact of school bullying.
You established a very clear claim and followed a logical sequence, which made it easy for your listeners to track your main points from start to finish.
Your strongest asset was the logical reasoning you used to explain how uniforms save money, providing a practical perspective that resonates well with parents and students alike.
2 Things to Improve
To make your structure feel less formulaic, try replacing repetitive transitions like 'Furthermore' with more natural connectors. For example, instead of saying 'Furthermore, school uniforms are a good choice,' you could say, 'Beyond the social benefits, uniforms also offer a major financial advantage.'
You can strengthen your credibility by turning run-on sentences into clear, punchy statements. Instead of 'Uniforms would save families money because you don't need like twenty different outfits, you just need a few uniform pieces and that's it basically,' try: 'Uniforms save families money. Instead of buying twenty different outfits, students only need a few key pieces.'
1 Question I Still Have
Practice your speech by adding one specific statistic from a news article about school costs and ending with a strong concluding sentence that summarizes your main goal.
Rubric
1) Purpose/Organization

You have a clear claim and a logical flow, but the repetitive use of transitions like ""Furthermore"" and the unfinished ending make the structure feel a bit formulaic and incomplete. ""Furthermore, school uniforms is a good choice for saving money."" To improve, vary your transitional phrases and ensure you include a proper concluding paragraph that wraps up your points instead of ending mid-sentence.

Score

2
2) Evidence/Elaboration

You provide good personal anecdotes and logical reasons to support your argument, though you should include more specific facts or data from external sources to strengthen your claims. ""My older sister told me a story about a girl in her school who got made fun of for wearing the same shirt twice in one week which is crazy but it happens all the time honestly."" Try to incorporate specific evidence from articles or studies, such as statistics on school bullying or cost comparisons, rather than relying only on stories from family members.

Score

2
3) Conventions

You demonstrate a good grasp of basic writing, but you should watch for subject-verb agreement and several run-on sentences that make your ideas blend together. For instance, you wrote, ""Uniforms would save families money because you don't need like twenty different outfits, you just need a few uniform pieces and that's it basically."" Try to use periods to separate independent thoughts and ensure your verbs match your subjects, such as changing 'everyone wear' to 'everyone wears' and 'school uniforms is' to 'school uniforms are'.

Score

1
",5/10,7/29/2026,1,1,1,1,1,1,"The student response contains several clear strengths: a strong position in favor of uniforms, relevant reasons about cost and bullying, and specific personal anecdotes such as the sister’s story and the cousin’s school example. The feedback explicitly recognizes these strengths. It says the student presented a clear argument, used relatable personal stories, and showed logical reasoning about how uniforms save money. These are specific acknowledgments tied directly to content in the student’s writing, not generic praise. The feedback also frames the strengths in terms of writing moves and reasoning processes: using anecdotes, establishing a clear claim, following a logical sequence, and explaining practical benefits. Because the feedback clearly identifies and values particular promising parts of the student’s response, it meets the criterion."
9th grade,ELA,Argumentative,Should students be required to wear school uniforms?,Weak,w1.3,"argues against uniforms, focuses on self-expression/individuality","Act as a 9th grade student and write an WEAK ELA argumentative essay (400-600 words) who is rushing to finish before the bell rings on the topic: {Should students be required to wear school uniforms?} taking the position: {argues against uniforms, focuses on self-expression/individuality}. State it in one flat sentence without explaining why. Give 1-2 reasons but don't explain how they connect to your opinion. Don't respond to anyone who might disagree with you. Jump between ideas without connecting them. Include a few run-on sentences and at least one sentence where the subject and verb don't agree. End abruptly without wrapping up. Include repetitive transitions. ","School uniforms should not be required for students. Clothes is how people show who they are and uniforms takes that away completely. I like wearing band t-shirts and stuff that shows my personality and uniforms wouldn't let me do that anymore which isn't fair. Also art teachers always say express yourself but then schools want everyone to look the same, which don't make sense to me at all honestly.

Furthermore, everyone is different and clothes is one of the only ways students get to show that at school since we can't really do much else during the day. My friend dyes her hair and wears cool jackets and if she had to wear a uniform she wouldn't feel like herself anymore which would probably make her sad or something. Furthermore, being creative with your outfit is a form of art honestly and schools are always saying they support creativity and self-expression in other classes.

Also I think uniforms is boring and school is already boring enough without making everyone look the same every single day walking through the halls. Furthermore, some people uses clothes to feel confident and uniforms could make people feel less like themselves, especially kids who already struggle with confidence issues in middle school and high school.

My cousin's school don't have uniforms and she says it's way better because you get to pick your own style every morning depending on your mood. Furthermore, individuality matters a lot in high school since that's when people are figuring out who they are as a person. Furthermore clothes help with that process a lot more than people give it credit for honestly. Furthermore school should be a place where you can be",283,7/28/2026,"developing, C",7/29/2026,"eedback
5

/

10

Summary
You did a great job taking a clear stance against school uniforms and using personal stories to make your point relatable. To reach the next level, you should focus on varying your transitions and backing up your ideas with outside facts.

3 Things You Did Well
Your use of personal examples, like the story about your friend's hair and jackets, makes your argument feel very authentic and helps the reader connect with your perspective.
You organized your thoughts into clear paragraphs, which makes it much easier for the audience to follow your logic from one point to the next.
The strongest part of your work is your clear and consistent stance against uniforms, which ensures the reader never doubts exactly where you stand on the issue.
2 Things to Improve
To make your writing flow better, try using different transition words instead of repeating 'furthermore.' For example, instead of starting every sentence the same way, you could use 'In addition' or 'On the other hand' to show how your ideas connect.
Work on matching your subjects and verbs so your sentences sound more professional. For instance, instead of saying 'Clothes is' or 'uniforms takes,' you should write 'Clothes are' or 'uniforms take' to ensure your grammar is correct.
1 Question I Still Have
Practice writing a concluding paragraph that summarizes your main points and finishes your final thought so your essay doesn't end mid-sentence.
Rubric
1) Purpose/Organization

You have a clear stance against uniforms and organize your thoughts into paragraphs, but your progression feels repetitive because you use the same transition word too many times and the essay ends mid-sentence. ""Furthermore school should be a place where you can be"" To improve, avoid repeating the word ""furthermore"" at the start of every sentence and make sure to include a concluding paragraph that wraps up your main points.

Score

2
2) Evidence/Elaboration

You provide personal examples and logical reasons to support your claim, though you rely more on your own experiences than on specific facts or sources. ""My friend dyes her hair and wears cool jackets and if she had to wear a uniform she wouldn't feel like herself anymore which would probably make her sad or something."" Try to include specific evidence or data from articles to support your claims rather than just relying on personal stories about your friends and family.

Score

2
3) Conventions

You demonstrate a partial command of conventions, but you frequently make errors in subject-verb agreement and punctuation. To improve, try matching singular subjects with singular verbs, such as changing ""Clothes is"" to ""Clothes are"" and ""uniforms takes"" to ""uniforms take.""

Score

1
",5/10,7/29/2026,1,1,1,1,1,1,"The student response contains several meaningful strengths: it takes a clear position against school uniforms, offers multiple reasons, and includes specific personal examples such as the friend’s hair and jackets and the cousin’s school. The feedback does more than give generic praise; it explicitly names these strengths. It says the student did a great job taking a clear stance, using personal stories, organizing into clear paragraphs, and making the argument authentic and relatable. These acknowledgments are specific to details actually present in the student’s writing, including the example about the friend’s hair and jackets. The feedback also frames the strengths in terms of writing moves and effects on the reader (clear stance, organization, use of personal examples), which is productive process-oriented acknowledgment rather than vague trait praise. Therefore, the feedback clearly meets the criterion for acknowledging strength."
9th grade,ELA,Argumentative,Should students be required to wear school uniforms?,Weak,w1.4,"argues against uniforms, focuses on enforcement/practicality problems","Act as a 9th grade student and write an WEAK ELA argumentative essay (400-600 words) who is rushing to finish before the bell rings on the topic: {Should students be required to wear school uniforms?} taking the position: {argues against uniforms, focuses on enforcement/practicality problems}. State it in one flat sentence without explaining why. Give 1-2 reasons but don't explain how they connect to your opinion. Don't respond to anyone who might disagree with you. Jump between ideas without connecting them. Include a few run-on sentences and at least one sentence where the subject and verb don't agree. End abruptly without wrapping up. Include repetitive transitions. ","Schools shouldn't make students wear uniforms because it's too hard to enforce. Teachers already has enough to deal with and now they gotta police what everyone's wearing on top of teaching. Also uniforms cost money too even though people say they save money, my aunt said the uniform polos at her kids school was twenty dollars each which add up fast if you need like five of them.

Furthermore, kids grow really fast especially in middle school and high school so parents would have to keep buying new uniforms which defeats the whole point of saving money that people always talk about. Also what happens when a kid don't have the right uniform that day, do they get in trouble, do they miss class, nobody really explains that part and it seems like a whole mess honestly. My neighbor's school has uniforms and she said kids get sent to the office all the time for small stuff like the wrong color socks which seems like a waste of everyone's time.

Furthermore, enforcing a uniform policy take up time that could be spent on actual learning instead of checking if everyone's shirt is tucked in correctly every morning before class starts. Some schools probably don't even enforce it consistently anyway so what's the point of having the rule in the first place if teachers just ignore it half the time.

Furthermore laundry is another problem because if you only got a few uniform pieces you have to wash them constantly and some families don't have time or money for that kind of thing every single week. Furthermore this whole uniform thing sounds good on paper but in real life it just creates more problems than it",285,7/28/2026,"developing, C+",7/29/2026,"Feedback
6

/

10

Summary
You presented a clear and passionate argument against school uniforms using relatable personal examples. Your essay effectively highlights the practical burdens uniforms place on both families and teachers.

3 Things You Did Well
Your use of personal anecdotes, like the specific cost of your aunt's school polos, makes the financial burden of uniforms feel real and relatable to your audience.
You successfully identified a unique perspective regarding teachers, showing the audience that uniforms create extra 'policing' work rather than just focusing on education.
Your main argument is consistently clear throughout the piece, ensuring that the audience never loses sight of your stance against the uniform policy.
2 Things to Improve
To make your writing flow better, try varying your transitions instead of repeating the same ones. For example, instead of starting every paragraph with 'Furthermore,' you could use 'In addition' or 'On the other hand' to signal a shift in your ideas.
You can make your argument more professional by fixing subject-verb agreement and adding formal data. Instead of 'Teachers already has enough to deal with,' write 'Teachers already have enough to deal with,' and try adding a statistic like: 'According to a 2023 study, families spend an average of $150 more per year when uniforms are required.'
1 Question I Still Have
Review your draft to replace repetitive transition words and use a grammar checker to specifically look for subject-verb agreement errors before your next submission.
Rubric
1) Purpose/Organization

You have a clear main argument against school uniforms, but your essay feels repetitive because you start every new paragraph with the same transition word. ""Furthermore this whole uniform thing sounds good on paper but in real life it just creates more problems than it"" To improve your organization, try using different transition words like 'In addition' or 'Additionally' and make sure to finish your concluding sentence.

Score

2
2) Evidence/Elaboration

You provide some good personal examples to support your points, but the lack of formal evidence or cited sources makes your argument feel like a collection of opinions. ""Also uniforms cost money too even though people say they save money, my aunt said the uniform polos at her kids school was twenty dollars each which add up fast if you need like five of them."" Try to include specific facts or statistics from articles about school costs and student discipline to make your argument more convincing and professional.

Score

2
3) Conventions

You demonstrate an adequate command of conventions, although you have some errors in subject-verb agreement and punctuation that occasionally hinder the flow. For example, you wrote, ""Teachers already has enough to deal with and now they gotta police what everyone's wearing on top of teaching."" To improve, focus on subject-verb agreement, such as changing ""Teachers already has"" to ""Teachers already have,"" and use commas to separate independent clauses.

Score

2
",6/10,7/29/2026,1,1,1,1,1,1,"The student text contains several meaningful strengths to acknowledge: a clear claim against uniforms, consistent focus on enforcement and cost, and specific personal examples such as the aunt’s uniform polo cost and the neighbor’s school experience. The teacher feedback does more than give generic praise. It explicitly names particular strengths in the student’s response: the personal anecdote about the aunt’s school polos, the teacher-burden perspective, and the consistency of the main argument. These acknowledgments are specific, accurate, and clearly grounded in the student’s writing. The feedback also frames these strengths in terms of writing moves and argument choices—using relatable examples, identifying a unique perspective, and maintaining a clear argument—rather than vague trait praise. Therefore, the feedback meets the criterion for acknowledging strength."
9th grade,ELA,Argumentative,Should students be required to wear school uniforms?,Developing,d1.1,"argues for uniforms, focuses on academic focus/reduced distraction","Act as a 9th grade student and write an DEVELOPING ELA argumentative essay (400-600 words) who puts in a reasonable but not exceptional effort on the topic: {Should students be required to wear school uniforms?} taking the position: {argues for uniforms, focuses on academic focus/reduced distraction}. State your opinion but keep it somewhat general. Give 2-3 reasons; explain some of them but leave others just stated without much backup. Mention that some people might disagree, but only in passing don't really engage with why. Connect ideas but not using varied transitions. Include a few small grammar or spelling slips that don't get in the way of understanding. 
","I think students should be required to wear school uniforms because it would help everyone focus more on school instead of on clothes. Uniforms are a good idea for a few reasons, and even though not everyone will agree with me, I still think the benefits are worth it.

The first reason is that uniforms reduce distraction in the classroom. When students don't have to think about what their outfit looks like or what other people are wearing, they can pay more attention to their teacher and their work. A lot of the time, kids spend way too much time thinking about fashion trends, and that takes away from actual learning. If everyone is dressed the same, there's less to think about besides schoolwork.

Another reason is that uniforms save time in the morning. Instead of trying on five different outfits before school, students can just put on their uniform and go. This means less stress before school even starts, which could help students come to school in a better mood and ready to learn. Getting to school on time and feeling calm probably helps students focus better once class begins, although I don't have a specific example of this happening.

A third reason some people give is that uniforms create a sense of unity among students. When everyone wears the same thing, there isn't as much separation between different groups based on what brand of clothes they can afford. This could make the school feel more like a community instead of a place where people judge each other by what their wearing. I think this matters because school should feel like a safe place to learn, not a place where people worry about fitting in.

Some students might disagree and say uniforms take away their ability to express themselves through clothing. This is a fair point, but I still think the benefits of a more focused learning enviroment outweigh that concern. There are still other ways students can express themselves, like through their personality, their interests, and their friendships, so it's not like uniforms take away everything.

Overall, I believe uniforms would help students focus more on academics and less on distractions like clothing choices. It could also make mornings less stressful and bring students together instead of dividing them by what they wear. While some students won't like the idea at first, I think uniforms could actually make the school day a little bit easier and less stressful for everyone once they get used to it.",418,7/28/2026,"strong, B+",7/29/2026,"Feedback
9

/

10

Summary
You did a great job organizing your thoughts into a logical argument about school uniforms. Your essay flows smoothly and makes a very clear case for your position.

3 Things You Did Well
Your logical body paragraphs flow naturally from one idea to the next, which makes it very easy for your audience to follow your train of thought.
You provided a wide range of reasons to support your claim, showing that you have thought deeply about how uniforms affect student life from multiple angles.
Your thesis statement was excellent because it clearly told the reader exactly what to expect, specifically how uniforms help students focus more on academics and less on distractions.
2 Things to Improve
To make your argument more convincing, replace general reasoning with specific data or quotes. For example, instead of saying 'feeling calm probably helps students focus,' you could write: 'According to a 2023 study by the Education Institute, 60% of schools with uniforms reported a decrease in morning stress levels.'
Watch out for homophones like 'they're' and 'their' to keep your writing professional. A good way to check is to see if 'they are' fits in the sentence; for instance, change 'judge each other by what their wearing' to 'judge each other by what they're (they are) wearing.'
1 Question I Still Have
Find one specific statistic or expert quote about school unity to add to your evidence, and do a quick 'find' search for 'their' in your document to ensure you used the correct version.
Rubric
1) Purpose/Organization

You have organized your essay well with a clear thesis and logical body paragraphs that flow from one idea to the next. ""Overall, I believe uniforms would help students focus more on academics and less on distractions like clothing choices.""

Score

4
2) Evidence/Elaboration

You provide a good range of reasons to support your claim, although your evidence is based more on logical reasoning than on specific data or quotes from sources. ""Getting to school on time and feeling calm probably helps students focus better once class begins, although I don't have a specific example of this happening."" To strengthen your argument, try to include specific facts or statistics from articles or studies to back up your claims about school unity and academic focus.

Score

3
3) Conventions

You demonstrate a strong command of conventions, though you should be careful to use the correct form of the word ""they're"" when you mean ""they are."" Check that you use ""they're"" instead of ""their"" in phrases like ""judge each other by what their wearing.""

Score

2
",9/10,7/29/2026,1,1,1,1,1,1,"The student response contains several real strengths: a clear thesis, logically organized body paragraphs, multiple reasons supporting the claim, and a counterargument. The teacher feedback explicitly identifies these strengths rather than only giving revision directions. It specifically praises the organization, the range of reasons, and the thesis statement, and it quotes/paraphrases ideas actually present in the essay such as the focus on academics and distractions. The praise is not generic; it is tied to concrete features of this student's writing and frames them as writing moves the student made well (organizing logically, supporting a claim from multiple angles, clearly signaling the essay’s direction). Because the feedback both names and grounds these strengths in the student’s actual text, it meets the criterion."
9th grade,ELA,Argumentative,Should students be required to wear school uniforms?,Developing,d1.2,"argues for uniforms, focuses on cost savings/reduced bullying over clothing","Act as a 9th grade student and write an DEVELOPING ELA argumentative essay (400-600 words) who puts in a reasonable but not exceptional effort on the topic: {Should students be required to wear school uniforms?} taking the position: {argues for uniforms, focuses on cost savings/reduced bullying over clothing}. State your opinion but keep it somewhat general. Give 2-3 reasons; explain some of them but leave others just stated without much backup. Mention that some people might disagree, but only in passing don't really engage with why. Connect ideas but not using varied transitions. Include a few small grammar or spelling slips that don't get in the way of understanding. ","I believe school uniforms should be required because they can save families money and reduce bullying about clothes. This is something that effects a lot of students, even if some people don't think its a big deal.

One reason uniforms are a good idea is that they save families money. Buying a whole new wardrobe of trendy clothes every school year can be expensive, especially for families that don't have a lot of extra money to spend. Uniforms usually only require a few outfits that can be reused for the whole year, and sometimes even passed down to younger siblings. This means parents don't have to keep buying new clothes every time a trend changes, which happens pretty often these days.

Another reason is that uniforms can reduce bullying over clothing choices. Kids can be really mean about what other people wear, especially if someone can't afford name brand clothes or the newest styles. When everyone wears the same uniform, there's nothing to make fun of because everyone looks the same. This could make school feel less stressful for students who already worry about being judged for their clothes.

A third reason is that uniforms might make it easier to tell who actually goes to the school, which could help with safety, although I'm not totally sure how big of a deal this actually is in most schools.

Some people might say that uniforms take away a student's ability to express who they are through their clothing, and that's probably true to some extent. But I still think the money families save and the reduction in bullying makes it worth it in the end. Clothes shouldn't be something kids get bullied over in the first place, so if uniforms can help stop that, it seems like a good trade off to me.

There both money and bullying are pretty big problems in a lot of schools, and I think uniforms could help with both of them at the same time. It's not like uniforms would fix every problem at school, but they could make a real difference for kids who struggle with either of these issues. In the end, I think the benefits of uniforms outweigh the downsides, even though I understand why some students might not love the idea of wearing the same thing every day. Overall, uniforms seem like a simple change that could make school less expensive and less stressful for a lot of families, and that seems like a pretty good reason to give them a try.",421,7/28/2026,"strong, B",7/29/2026,"Feedback
7

/

10

Summary
You did a great job building a logical argument that considers different perspectives on school uniforms. Your writing shows a strong grasp of grammar and a clear understanding of how to structure a persuasive essay.

3 Things You Did Well
You used a logical structure with a solid introduction and body paragraphs, which helped the audience follow your argument from start to finish.
Your use of grammar and punctuation is very consistent, making your writing easy to read and professional for your peers.
I loved how you addressed opposing viewpoints in your conclusion; showing you understand why some students dislike uniforms makes your own argument feel much more balanced and fair.
2 Things to Improve
To make your transitions more sophisticated, try connecting the ideas between paragraphs rather than using simple sequences. For example, instead of starting a paragraph with 'Another reason,' you could write: 'Beyond the financial benefits for families, uniforms also help reduce social pressure among students.'
Strengthen your claims by replacing personal opinions with specific data or facts. Instead of saying uniforms are cheaper, you could write: 'According to a 2023 retail study, families save an average of $200 per year when switching from trendy wardrobes to school-mandated uniforms.'
1 Question I Still Have
Revise your body paragraphs by adding one specific statistic from a source and replacing 'first' or 'second' with a transition sentence that links your two main points together.
Rubric
1) Purpose/Organization

You have created a clear and logical structure with a solid introduction, body paragraphs, and a conclusion that addresses opposing viewpoints. ""In the end, I think the benefits of uniforms outweigh the downsides, even though I understand why some students might not love the idea of wearing the same thing every day."" To reach the highest level, try using more sophisticated transitions between paragraphs to better connect your ideas rather than starting every paragraph with a simple sequence like ""one reason"" or ""another reason.""

Score

3
2) Evidence/Elaboration

You provided several logical reasons to support your claim, but you did not include specific facts or data from outside sources to make your argument more convincing. ""Buying a whole new wardrobe of trendy clothes every school year can be expensive, especially for families that don't have a lot of extra money to spend."" You should incorporate specific evidence from sources, such as statistics on school bullying or cost-comparison data for school clothes, to move beyond personal opinion and summary.

Score

2
3) Conventions

You demonstrate a good grasp of grammar and punctuation, though you should watch out for small errors like confusing ""effects"" with ""affects"" or missing apostrophes in contractions. For example, you wrote: ""This is something that effects a lot of students, even if some people don't think its a big deal.""

Score

2
",7/10,7/29/2026,1,1,1,1,1,1,"The student response contains multiple strengths that could be acknowledged: a clear claim, organized body paragraphs, reasons about cost and bullying, and a concession to the opposing view. The feedback does more than give generic praise; it names specific strengths in the student’s essay such as the logical structure, consistent grammar/punctuation, and the way the student addresses opposing viewpoints. These comments are grounded in the actual student text, including a quoted sentence from the conclusion, and they frame the strengths in terms of writing moves and essay construction rather than fixed traits. Because the feedback specifically identifies useful, well-done aspects of this student’s work and treats them as meaningful strengths, it meets the criterion."
9th grade,ELA,Argumentative,Should students be required to wear school uniforms?,Developing,d1.3,"argues against uniforms, focuses on self-expression/individuality","Act as a 9th grade student and write an DEVELOPING ELA argumentative essay (400-600 words) who puts in a reasonable but not exceptional effort on the topic: {Should students be required to wear school uniforms?} taking the position: {argues against uniforms, focuses on self-expression/individuality}. State your opinion but keep it somewhat general. Give 2-3 reasons; explain some of them but leave others just stated without much backup. Mention that some people might disagree, but only in passing don't really engage with why. Connect ideas but not using varied transitions. Include a few small grammar or spelling slips that don't get in the way of understanding.","I don't think students should be required to wear school uniforms because clothing is one of the main ways students get to express who they are. School is already pretty strict about a lot of things, so I think students should at least be able to choose their own clothes.

One reason I feel this way is that clothing is a form of self expression. The way someone dresses can show their personality, their interests, or even what kind of mood there in that day. If schools take that away, students lose one of the only ways they get to be creative during the school day, since most of the day is spent following rules and sitting in class.

Another reason is that uniforms can make school feel less individual. When everyone is forced to wear the same thing, it can feel like the school doesn't care about students as individual people, just as a group that all needs to look the same. High school is a time when a lot of people are still figuring out who they are, and clothing is part of that process for a lot of students.

A third reason is that some students use fashion as a way to feel confident. Wearing something they picked out and feel good in can make a difference in how someone feels about themselves that day. Taking that choice away could actually make some students feel worse about school, not better, even though that's probably not what schools intend to happen.

Some people argue that uniforms help reduce distractions and bullying, and I understand why they think that, but I still believe the loss of self expression is a bigger deal for most students. Clothing being taken away feels like a small thing to adults, but for a lot of teenagers, it's actually a big part of their identity.

Overall, I think students should be allowed to wear what they want because it lets them show who they are and feel more like themselves at school. School already controls so much of a student's day, so being able to choose your own clothes is one of the few choices students really get to make on their own. Taking that away might not seem like a big deal to some people, but for a lot of students, it really is. Schools should think about that before they decide to require uniforms for everyone.",404,7/28/2026,"strong, B+",7/29/2026,"Feedback
7

/

10

Summary
You delivered a well-organized argument that clearly explains why self-expression is important for students. Your writing shows a strong command of grammar and a logical flow that makes your position easy to follow.

3 Things You Did Well
Your use of a clear introduction, body, and conclusion helped the audience follow your logic from start to finish.
You explained the connection between clothing and identity very well, which helped the audience empathize with the student experience.
Your strongest point was your ability to maintain excellent sentence structure and grammar throughout the entire piece, making your writing professional and easy to read.
2 Things to Improve
To make your transitions smoother, try using connecting phrases that show how ideas relate instead of just listing them. For example, instead of starting a paragraph with 'Another reason,' you could write: 'Beyond just personal style, allowing choice in clothing also reduces the financial stress on families.'
You can make your argument more persuasive by adding data from outside sources. Instead of just saying clothing helps with confidence, you could write: 'According to a 2023 study by the Education Institute, 70% of students reported feeling more focused when they felt comfortable in their outfits.'
1 Question I Still Have
Review your draft to replace 'One reason' or 'Another reason' with more descriptive transitions and double-check that you are using 'they're' when you mean 'they are'.
Rubric
1) Purpose/Organization

You have created a clear and logical argumentative structure that includes an introduction, body paragraphs, and a conclusion that sums up your main point. ""Overall, I think students should be allowed to wear what they want because it lets them show who they are and feel more like themselves at school."" To improve, you could use more varied transitional words between your body paragraphs instead of starting with ""One reason,"" ""Another reason,"" and ""A third reason.""

Score

3
2) Evidence/Elaboration

You explain your ideas about self-expression and confidence well, though adding specific facts or data from sources would make your argument much stronger. ""High school is a time when a lot of people are still figuring out who they are, and clothing is part of that process for a lot of students."" To reach the next level, try to incorporate specific evidence from outside articles or studies to back up your claims about student confidence and bullying.

Score

2
3) Conventions

You show a strong command of grammar and sentence structure, though you have a small spelling error with the word ""there"" when it should be ""they're.""

Score

2
",7/10,7/29/2026,1,1,1,1,1,1,"The student response contains several clear strengths: a clear claim against uniforms, organized body paragraphs with distinct reasons, a counterargument, and thoughtful explanation about self-expression, identity, and confidence. The teacher feedback explicitly acknowledges multiple specific strengths in the student’s actual writing. It praises the essay’s organization, the explanation of the connection between clothing and identity, and the strong grammar/sentence structure. These acknowledgments are specific rather than generic, and they are grounded in features plainly present in the student text. The feedback also frames strengths in terms of writing moves and qualities of the draft—organization, explanation, clarity, and command of conventions—rather than fixed traits. Although one example sentence in the improvement section introduces a new idea about financial stress that is not in the student draft, that does not undo the clear presence of specific strength acknowledgment elsewhere. Overall, the feedback meets the criterion because it clearly identifies useful, well-done aspects of the student’s response."
9th grade,ELA,Argumentative,Should students be required to wear school uniforms?,Developing,d1.4,"argues against uniforms, focuses on enforcement/practicality problems","Act as a 9th grade student and write an DEVELOPING ELA argumentative essay (400-600 words) who puts in a reasonable but not exceptional effort on the topic: {Should students be required to wear school uniforms?} taking the position: {argues against uniforms, focuses on enforcement/practicality problems}. State your opinion but keep it somewhat general. Give 2-3 reasons; explain some of them but leave others just stated without much backup. Mention that some people might disagree, but only in passing don't really engage with why. Connect ideas but not using varied transitions. Include a few small grammar or spelling slips that don't get in the way of understanding.","I don't think schools should require uniforms because they cause a lot of practical problems that people don't always think about. It sounds like a simple solution, but actually making it work is more complicated then it seems.

One reason is that uniforms are hard to enforce fairly. Teachers already have a lot to deal with during the school day, and now they would also have to check what everyone is wearing and deal with kids who forget or don't have the right pieces. This could take away time from actual teaching and turn into a bigger problem than it needs to be. Some students could end up missing class time just because of a dress code issue, which doesn't seem fair.

Another reason is that uniforms actually cost money too, even though people say they save families money. Uniform pieces from specific stores can be expensive, and kids grow fast, so families would have to keep buying new uniforms throughout the year. This could end up costing just as much, or more, than buying regular clothes, especially for families with more than one kid in school.

A third reason is that uniforms don't really solve the problems people think they solve. Even with uniforms, kids will still find ways to compare shoes, backpacks, or accessories, so bullying probably wouldn't completely go away just because everyone's shirt looks the same. It just moves the comparison to different things instead of actually fixing it.

Some people think uniforms make schools calmer and more focused, and I get why they think that, but I don't think it solves the real problem, it just covers it up for a little while. The actual issues that cause distraction or bullying would probably still be there, just in a different form.

Overall, I think requiring uniforms creates more problems than it solves. Between the cost, the enforcement issues, and the fact that it might not even fix bullying, I don't think uniforms are worth all the extra hassle for schools, teachers, and families. There are probably better ways to solve these problems without making everyone wear the same thing every single day. Schools could focus on other solutions instead, like handling bullying directly rather than just changing what students wear and hoping that fixes everything on its own. It might take more work, but it would probably actually solve the problem instead of just hiding it behind a uniform policy.",405,7/28/2026,"strong, B",7/29/2026,"Feedback
9

/

10

Summary
You delivered a well-organized argument that clearly explains why school uniforms might cause more trouble than they are worth. Your writing is easy to follow and shows a strong command of grammar and sentence structure.

3 Things You Did Well
Your logical progression from the introduction to the conclusion makes your argument very easy for the audience to follow and understand.
You used clear sentence structures and correct capitalization, which makes your writing look professional and polished.
I loved your clear and confident claim; by summarizing the cost, enforcement, and bullying issues in your conclusion, you left the reader with a very strong sense of your position.
2 Things to Improve
To make your argument even more convincing, try replacing general reasoning with specific data or quotes. For example, instead of saying uniforms are expensive, you could write: 'According to a 2023 retail study, the average family spends over $150 per child on specific uniform brands, which is a heavy burden compared to regular clothes.'
Watch out for commonly confused words when making comparisons to ensure your writing is precise. For instance, instead of writing 'more complicated then it seems,' you should use 'than' for comparisons, like this: 'It is more complicated than it seems.'
1 Question I Still Have
Research one specific statistic about school uniform costs and practice swapping out a 'then' for a 'than' in your next comparison sentence.
Rubric
1) Purpose/Organization

You have maintained a clear claim and used an effective organizational structure with a logical progression of ideas from the introduction to the conclusion. ""Overall, I think requiring uniforms creates more problems than it solves. Between the cost, the enforcement issues, and the fact that it might not even fix bullying, I don't think uniforms are worth all the extra hassle for schools, teachers, and families.""

Score

4
2) Evidence/Elaboration

You provide adequate support for your arguments by explaining specific practical issues, though your evidence relies more on general reasoning than on specific data or cited sources. ""Uniform pieces from specific stores can be expensive, and kids grow fast, so families would have to keep buying new uniforms throughout the year."" To reach the highest level, try to integrate specific facts, statistics, or quotes from external sources to back up your claims about cost and bullying.
Score

3
3) Conventions

You demonstrate a strong command of conventions with clear sentence structure and correct capitalization throughout your essay. ""It sounds like a simple solution, but actually making it work is more complicated then it seems."" To reach an even higher level of precision, be careful with commonly confused words, such as using ""than"" instead of ""then"" when making comparisons.

Score

2
",9/10,7/29/2026,1,1,1,1,1,1,"The student response contains several clear strengths: a focused claim against required uniforms, organized body paragraphs with distinct reasons, and a conclusion that synthesizes the main points. The teacher feedback explicitly identifies these strengths by praising the logical progression, the clear and confident claim, and the way the conclusion summarizes the cost, enforcement, and bullying issues. These acknowledgments are specific to the student’s actual essay and point to concrete writing moves rather than offering only generic praise. The feedback also frames strengths in terms of the student’s organization, argument structure, and writing choices, which supports process-oriented recognition. Because the feedback clearly and specifically acknowledges meaningful strengths grounded in the student text, it meets the criterion."
9th grade,ELA,Argumentative,Should students be required to wear school uniforms?,Strong,s1.1,"argues for uniforms, focuses on academic focus/reduced distraction","Act as a 9th grade student and write an STRONG ELA argumentative essay (400-600 words) who cared about this assignment and revised it before turning it in on the topic: {Should students be required to wear school uniforms?} taking the position: {argues for uniforms, focuses on academic focus/reduced distraction}. Open by stating your opinion clearly. Give 3+ reasons with real-world examples or facts to back each one up, explaining how each connects to your point. Bring up a reason someone might disagree with you, and respond to it. Use different ways to connect your ideas. Wrap up by restating your point in a new way. Keep spelling and grammar clean. 
","Students should be required to wear school uniforms because uniforms improve academic focus and reduce unnecessary distractions in the classroom. While some students worry that uniforms limit their freedom, the benefits to learning make requiring them the right choice for schools.

The first reason uniforms improve focus is that they eliminate the daily pressure of choosing an outfit that will impress other students. Many teenagers spend a significant amount of time and energy thinking about what to wear, worrying about trends, and comparing themselves to classmates. Some districts that introduced uniform policies have reported that students spent less time worrying about appearance and more time engaged in classwork, since the daily competition over clothing was removed. This shows that uniforms can shift attention away from image and toward academics.

Second, uniforms reduce visual distractions during class. When every student wears similar clothing, there are fewer flashy logos, bold graphics, or attention-grabbing outfits pulling focus away from lessons. Teachers often report that a calmer visual environment makes it easier to keep a class on task, especially in schools with younger students who are more easily distracted. A classroom that looks orderly can help set the tone for a more orderly learning environment overall.

Third, uniforms save time each morning, which can translate into better preparation for the school day. Instead of trying on multiple outfits before deciding what to wear, students with uniforms can get ready quickly and arrive at school on time and less stressed. Arriving calm and prepared, rather than rushed, likely helps students settle into their first class ready to learn instead of distracted by a stressful morning.

Some students argue that uniforms take away their right to express their individuality through clothing. This is a reasonable concern, and self-expression is genuinely important during the teenage years. However, students still have plenty of other ways to express themselves, through their interests, their friendships, their extracurricular activities, and even accessories like backpacks or shoes if a uniform policy allows some flexibility. The small loss of clothing choice is a fair trade-off for a school environment that helps students concentrate on their education.

In conclusion, requiring school uniforms is a practical way to reduce distractions, save time, and create a more focused learning environment. While uniforms do limit some personal choice, the academic benefits they provide make them a worthwhile policy for schools that want their students to succeed. Ultimately, a school's main purpose is to help students learn, and uniforms support that goal.",422,7/28/2026,"strong, A-",7/29/2026,"Feedback
9

/

10

Summary
You delivered a highly organized and persuasive argument for school uniforms with excellent grammatical control. Your logical flow makes it very easy for your audience to follow your reasoning from start to finish.

3 Things You Did Well
Your use of logical transitions helps guide the reader through your supporting points, ensuring that your argument feels like a complete journey rather than just a list of facts.
You demonstrate an excellent command of sentence structure, which makes your writing clear and professional, allowing your message to stand out without any distractions.
Your conclusion is exceptionally strong because it perfectly summarizes your main points—reducing distractions and saving time—into one final, memorable thought.
2 Things to Improve
While your explanations of psychological benefits are good, you can make them more convincing by adding specific data or names of studies. For example, instead of saying 'some districts reported improvements,' you could write: 'According to a 2023 study by the National Education Association, 60% of schools with uniforms saw a decrease in peer pressure related to clothing.'
To ground your general claims in factual evidence, try incorporating direct quotes from experts. Instead of just describing the benefits, you could use a structure like: 'Dr. Smith, a child psychologist, argues that ""uniforms level the social playing field,"" which supports the idea that students focus more on academics than fashion.'
1 Question I Still Have
For your next draft, find one specific statistic and one expert quote to replace two of your general descriptive sentences.
Rubric
1) Purpose/Organization

You have organized your essay excellently, with a clear claim and logical transitions that lead the reader through each supporting point to a solid conclusion. ""In conclusion, requiring school uniforms is a practical way to reduce distractions, save time, and create a more focused learning environment.""

Score

4
2) Evidence/Elaboration

You provide clear and relevant support for your claim by explaining the psychological and practical benefits of uniforms, though including specific data or direct quotes from your sources would make your argument even more convincing. ""Some districts that introduced uniform policies have reported that students spent less time worrying about appearance and more time engaged in classwork, since the daily competition over clothing was removed."" To reach the next level, try to incorporate specific evidence such as statistics, names of studies, or direct quotes from experts to ground your general claims in factual data.
Score

3
3) Conventions

You demonstrate an excellent command of grammar and sentence structure, making your argument very easy to follow and understand. ""The small loss of clothing choice is a fair trade-off for a school environment that helps students concentrate on their education.""

Score

2
",9/10,7/29/2026,1,1,1,1,1,1,"The student’s essay has several clear strengths: a strong organizational structure, a consistent claim, logical transitions, clear explanations, and a thoughtful counterargument. The teacher feedback explicitly identifies multiple specific strengths in the student’s actual writing. It praises the essay’s organization and persuasive flow, points to the use of logical transitions, highlights sentence structure and grammatical control, and names the conclusion as especially strong because it synthesizes key points. These acknowledgments are not generic; they are tied to identifiable features of the student’s essay and even quote parts of the essay in the rubric section. The feedback also frames these strengths in terms of writing moves and craft choices, such as organizing ideas, guiding the reader, and summarizing main points effectively. Because the feedback clearly and specifically acknowledges meaningful strengths grounded in the student’s response, it meets the criterion."
9th grade,ELA,Argumentative,Should students be required to wear school uniforms?,Strong,s1.2,"argues for uniforms, focuses on cost savings/reduced bullying over clothing","Act as a 9th grade student and write an STRONG ELA argumentative essay (400-600 words) who cared about this assignment and revised it before turning it in on the topic: {Should students be required to wear school uniforms?} taking the position: {argues for uniforms, focuses on cost savings/reduced bullying over clothing}. Open by stating your opinion clearly. Give 3+ reasons with real-world examples or facts to back each one up, explaining how each connects to your point. Bring up a reason someone might disagree with you, and respond to it. Use different ways to connect your ideas. Wrap up by restating your point in a new way. Keep spelling and grammar clean. ","Schools should require students to wear uniforms because doing so can lower costs for families and reduce bullying related to clothing. Although uniforms limit some personal choice, the financial and social benefits make them a smart policy for schools to adopt.

The first reason uniforms are beneficial is that they save families money over time. Instead of buying a large wardrobe of trendy clothing that changes every season, families only need to purchase a few uniform pieces that can be worn all year and even passed down to younger siblings. For families with multiple children or limited budgets, this can add up to a meaningful amount of savings, since name-brand clothing and constantly changing trends can be expensive to keep up with throughout a school year.

Second, uniforms help reduce bullying that centers around what students wear. Clothing is a common target for teasing, especially when students cannot afford popular brands or the newest styles. When everyone wears the same uniform, that specific source of judgment disappears, which can make school feel safer for students who might otherwise be singled out. Reducing even one source of social pressure can make a real difference in how comfortable students feel coming to school each day.

Third, uniforms can create a stronger sense of equality among students. When clothing no longer signals which students come from wealthier families, students may be judged less on their economic background and more on their character or effort. This can help build a school culture where students feel more accepted, regardless of what their family can afford.

Some people argue that uniforms don't fully stop bullying because students will simply find other things to criticize, like shoes or backpacks. This is a fair point, and uniforms probably won't eliminate bullying completely. However, removing one common target for teasing is still a meaningful step, even if it doesn't solve every social problem at school. A partial improvement is still worth pursuing, especially when it also saves families money.

In conclusion, requiring school uniforms is a practical policy that can ease financial pressure on families and reduce one of the most common sources of bullying among students. While uniforms cannot solve every issue at school, they address two real problems at once, making them a worthwhile choice for schools that care about both their students' wallets and their wellbeing. For these reasons, uniforms deserve serious consideration as a policy that benefits students well beyond the classroom.",407,7/28/2026,strong. A-,7/29/2026,"Feedback
9

/

10

Summary
You delivered a highly organized and grammatically polished argument regarding school uniforms. Your logical structure and clear thesis made your position very easy for the audience to follow.

3 Things You Did Well
Your use of a clear thesis statement at the start helped the audience immediately understand that you were focusing on both financial benefits and student wellbeing.
You demonstrated excellent control over complex sentence structures, such as using commas correctly after introductory clauses, which made your writing flow smoothly and professionally.
The logical progression of your points was your strongest asset, as you connected the disappearance of judgment directly to a safer school environment in a way that was truly convincing.
2 Things to Improve
While your logical claims are strong, adding specific data would make them undeniable. For example, instead of just saying clothing is a target for teasing, you could write: 'According to a 2023 school safety study, 40% of students reported less social pressure when a uniform policy was introduced.'
To strengthen your argument about cost savings, try to integrate a direct quote or a concrete comparison. You could structure it like this: 'While a week of name-brand outfits can cost over $300, a standard uniform set often costs less than $100, saving families significant money annually.'
1 Question I Still Have
Research one specific statistic or expert quote for each of your main body paragraphs to provide external evidence for your logical claims.
Rubric
1) Purpose/Organization

You have organized your essay exceptionally well with a clear thesis and logical progression between each point. ""While uniforms cannot solve every issue at school, they address two real problems at once, making them a worthwhile choice for schools that care about both their students' wallets and their wellbeing.""

Score

4
2) Evidence/Elaboration

You provide clear and logical support for your claims, though including specific statistics or external data would make your argument even more convincing. ""Clothing is a common target for teasing, especially when students cannot afford popular brands or the newest styles."" To improve, try to integrate specific evidence from external sources, such as studies or expert quotes, to back up your claims about cost savings and bullying.

Score

3
3) Conventions

You demonstrate an excellent command of grammar, punctuation, and sentence structure throughout your essay. For example, you correctly use a comma after an introductory clause in the sentence: ""When everyone wears the same uniform, that specific source of judgment disappears, which can make school feel safer for students who might otherwise be singled out.""

Score

2
",9/10,7/29/2026,1,1,1,1,1,1,"The student response has multiple clear strengths: a strong and explicit thesis, well-organized body paragraphs, logical development of reasons, acknowledgment of a counterargument, and polished sentence-level control. The teacher feedback directly names several of these strengths in a specific way. It praises the essay’s organization and grammatical polish, identifies the thesis as helping readers follow the two main lines of argument, and highlights the logical progression from clothing judgment to school safety as especially convincing. These acknowledgments are anchored in ideas and wording actually present in the student text, including quoted sentences from the essay. The feedback also frames the strengths in terms of the student’s writing moves and argumentative structure rather than fixed traits. Because the feedback specifically and authentically identifies useful strengths in the student’s actual response, it meets the criterion."
9th grade,ELA,Argumentative,Should students be required to wear school uniforms?,Strong,s1.3,"argues against uniforms, focuses on self-expression/individuality","Act as a 9th grade student and write an STRONG ELA argumentative essay (400-600 words) who cared about this assignment and revised it before turning it in on the topic: {Should students be required to wear school uniforms?} taking the position: {argues against uniforms, focuses on self-expression/individuality}. Open by stating your opinion clearly. Give 3+ reasons with real-world examples or facts to back each one up, explaining how each connects to your point. Bring up a reason someone might disagree with you, and respond to it. Use different ways to connect your ideas. Wrap up by restating your point in a new way. Keep spelling and grammar clean. ","Students should not be required to wear school uniforms because clothing is one of the most important ways teenagers express their individuality. While supporters of uniforms argue they create focus and unity, this benefit does not outweigh the value of allowing students to express who they are.

The first reason is that clothing is a genuine form of self-expression, especially for teenagers who are still figuring out their identity. The way someone dresses can reflect their interests, culture, mood, or personality, whether through band t-shirts, cultural clothing, or a personal style they've developed over time. High school is a critical period for identity development, and taking away one of the few daily choices students have removes a meaningful outlet for that growth.

Second, uniforms can make school feel less personal and more restrictive than it needs to be. Students already follow a long list of rules throughout the school day, from schedules to hallway procedures, and clothing is often one of the only areas where they have real freedom to make their own choices. Removing that freedom can make school feel like it values conformity over individuality, which may actually lower morale rather than improve it.

Third, self-expression through clothing can boost confidence. A student who feels good in an outfit they chose is often more comfortable and self-assured throughout the day. For students who already struggle with self-esteem, having control over their appearance can be an important source of confidence, and forcing everyone into identical clothing removes that boost entirely.

Supporters of uniforms often argue that uniforms reduce distraction and help students focus on academics rather than appearance. This is a reasonable point, since removing competition over clothing could reduce some social pressure. However, distraction in the classroom usually comes from many sources beyond clothing, such as phones or conversations, so uniforms alone are unlikely to meaningfully improve focus. Meanwhile, the cost to students' sense of identity is a real and immediate loss.

In conclusion, while uniforms might create a more uniform appearance across a school, they come at the expense of something more valuable: a student's ability to express who they are. Schools should find other ways to address distraction and social pressure that don't require sacrificing individuality, because self-expression plays a real role in how students develop during these formative years. Protecting that freedom is worth more than the small gains a uniform policy might offer, and it's a right students should get to keep.",408,7/28/2026,"Strong, A-",7/29/2026,"Feedback
9

/

10

Summary
You delivered a highly organized and persuasive argument that effectively balances personal identity with logical reasoning. Your writing is clear and professional, making your stance on self-expression very easy for your audience to follow.

3 Things You Did Well
Your use of a clear thesis and distinct body paragraphs created a logical flow that made it easy for the audience to understand your stance on opposing viewpoints.
You demonstrated excellent control over grammar and sentence structure, particularly when you listed how clothing reflects interests and culture, which kept your writing smooth and professional.
The way you elaborated on the connection between identity and confidence was your strongest point because it added a deep, relatable human element to your argument.
2 Things to Improve
To make your argument even more convincing, try adding specific data or statistics to support your claims about student morale. For example, instead of just saying students feel better, you could write: 'According to a 2023 educational study, 70% of students reported higher focus levels when allowed to choose their own attire.'
Strengthen your evidence by integrating direct quotes from external sources to back up your logic. You could transition into a quote by saying: 'As noted by researchers at the Youth Development Institute, ""Self-expression is a key factor in adolescent mental health,"" which proves that clothing choice is about more than just fashion.'
1 Question I Still Have
Research one specific statistic or expert quote related to student focus and practice integrating it into your next body paragraph using a formal lead-in phrase.
Rubric
1) Purpose/Organization

You have crafted an excellent organizational structure with a clear thesis, distinct body paragraphs, and a logical flow that addresses the opposing viewpoint effectively.

Score

4
2) Evidence/Elaboration

Your argument is well-supported with logical elaboration on identity and confidence, though you could strengthen it further by integrating specific facts or data from external sources. To reach the highest level, try to include specific evidence such as statistics or quotes from educational studies to back up your claims about student morale and focus.

Score

3
3) Conventions

You demonstrate a strong command of grammar, punctuation, and sentence structure, making your essay very easy to read. ""The way someone dresses can reflect their interests, culture, mood, or personality, whether through band t-shirts, cultural clothing, or a personal style they've developed over time.""

Score

2
",9/10,7/29/2026,1,1,1,1,1,1,"The student response contains multiple clear strengths: a strong thesis, organized body paragraphs, a counterargument with rebuttal, and specific elaboration about identity, confidence, and individuality. The teacher feedback explicitly acknowledges several of these strengths in a way that is clearly tied to the student’s actual writing. For example, it praises the 'clear thesis and distinct body paragraphs,' points to the sentence about clothing reflecting interests and culture as evidence of strong sentence control, and identifies the student’s discussion of identity and confidence as the strongest point. This is not generic praise; it names concrete features present in the essay and explains why they are effective. The feedback also frames strengths in terms of writing moves and development of ideas rather than fixed traits. Therefore, the feedback meets the criterion for acknowledging strength."
9th grade,ELA,Argumentative,Should students be required to wear school uniforms?,Strong,s1.4,"argues against uniforms, focuses on enforcement/practicality problems","Act as a 9th grade student and write an STRONG ELA argumentative essay (400-600 words) who cared about this assignment and revised it before turning it in on the topic: {Should students be required to wear school uniforms?} taking the position: {argues against uniforms, focuses on enforcement/practicality problems}. Open by stating your opinion clearly. Give 3+ reasons with real-world examples or facts to back each one up, explaining how each connects to your point. Bring up a reason someone might disagree with you, and respond to it. Use different ways to connect your ideas. Wrap up by restating your point in a new way. Keep spelling and grammar clean. ","Schools should not require uniforms because the practical problems of enforcing a uniform policy outweigh the benefits it is supposed to provide. While uniforms are often presented as a simple fix for distraction and bullying, putting them into practice creates new problems that are difficult to manage.

The first reason is that enforcing a uniform policy takes valuable time away from teaching and learning. Staff have to monitor whether students are dressed correctly, address violations, and sometimes send students to the office over small issues like an untucked shirt or the wrong color socks. Some schools with strict uniform policies have reported spending significant time each week on dress code enforcement, time that could otherwise go toward instruction. This shows that uniforms don't just change what students wear, they change how schools use their limited time and staff.

Second, uniforms are not actually as cost-effective as people assume. Specialty uniform pieces, often sold only through specific vendors, can be just as expensive as regular clothing, and sometimes more so because families have no other stores to compare prices. Since growing teenagers often need new sizes multiple times a year, families may end up spending as much or more than they would on regular clothes, undermining one of the main arguments in favor of uniforms.

Third, uniforms often fail to solve the problems they are meant to fix. Even when every student wears an identical uniform, students find other ways to compare themselves, such as through shoes, backpacks, jewelry, or accessories. This means bullying related to appearance doesn't disappear, it just shifts to different items, showing that uniforms treat a symptom rather than the actual cause of the problem.

Supporters of uniforms argue that they create a calmer, more focused school environment by removing distractions related to clothing. This is a reasonable goal, and a more focused classroom does benefit everyone. However, the loss of instructional time spent on enforcement, combined with the extra cost to families and the fact that comparison simply shifts elsewhere, suggests that uniforms create as many problems as they solve, if not more.

In conclusion, while uniforms may sound like an easy solution, the practical challenges of enforcing them, the hidden costs involved, and their limited effectiveness at reducing bullying make them a policy that causes more headaches than it prevents. Schools would likely be better off addressing distraction and bullying directly, rather than relying on a uniform policy to solve problems it isn't actually equipped to fix.",412,7/28/2026,strong A,7/29/2026,"Feedback
9

/

10

Summary
You delivered a highly organized and persuasive argument against school uniforms that effectively addresses practical challenges and social dynamics. Your writing shows a strong command of grammar and a logical flow that makes your position very clear to the reader.

3 Things You Did Well
Your use of logical transitions and a clear thesis made your essay very easy to follow, ensuring the audience understood your stance from start to finish.
You correctly used complex punctuation, such as commas after introductory phrases, which improved the professional tone and readability of your work.
The way you analyzed how bullying shifts from clothing to accessories like shoes and jewelry was incredibly insightful and provided a realistic perspective that many people overlook.
2 Things to Improve
To make your arguments even more undeniable, try to include specific data or statistics from outside sources. For example, instead of saying costs are high, you could write: 'According to a 2023 study by the National Retail Federation, families spend an average of $150 more per year on specialized uniform pieces compared to standard school clothes.'
While your elaboration is strong, you can strengthen your evidence by citing expert opinions. You might restructure a sentence like this: 'Education experts, such as Dr. Smith from the Youth Institute, argue that uniforms do not eliminate social hierarchies; rather, they simply change the focus to expensive backpacks and tech gadgets.'
1 Question I Still Have
Research two specific statistics or expert quotes related to school uniform costs and bullying rates to integrate into your next draft for stronger evidentiary support.
Rubric
1) Purpose/Organization

You have written a very well-structured essay with a clear thesis, logical transitions between paragraphs, and a strong conclusion that summarizes your points. ""In conclusion, while uniforms may sound like an easy solution, the practical challenges of enforcing them, the hidden costs involved, and their limited effectiveness at reducing bullying make them a policy that causes more headaches than it prevents.""

Score

4
2) Evidence/Elaboration

You provide solid arguments and elaborate well on points like the cost of specialty vendors and the shift in bullying behaviors. ""Even when every student wears an identical uniform, students find other ways to compare themselves, such as through shoes, backpacks, jewelry, or accessories."" To reach the highest level, try to include and cite specific facts or data from external sources to provide even more convincing support for your claims.

Score

3
3) Conventions

You demonstrate a strong command of conventions with accurate sentence structure, punctuation, and spelling throughout your essay. For example, you correctly use commas to set off introductory phrases: ""Since growing teenagers often need new sizes multiple times a year, families may end up spending as much or more than they would on regular clothes, undermining one of the main arguments in favor of uniforms.""

Score

2
",9/10,7/29/2026,1,1,1,1,1,1,"The student text contains multiple clear strengths: a strong thesis, organized structure, logical transitions, thoughtful counterargument, and a specific, insightful point about bullying shifting from clothing to accessories. The feedback explicitly acknowledges these strengths in a detailed and accurate way. It praises particular features of the essay such as the clear thesis, transitions, punctuation, and the analysis of bullying shifting to shoes and jewelry. These acknowledgments are specific, clearly anchored in the student's actual writing, and framed in terms of writing moves and reasoning rather than fixed traits. The feedback then builds from those strengths into next steps about adding outside evidence, which is consistent with acknowledging a strong foundation. Therefore, the feedback meets the criterion."
9th grade,ELA,Argumentative,Should schools ban cell phone use during the school day?,Weak,w2.1,For — focuses on academic focus/reduced classroom distraction,"Act as a 9th grade student and write an WEAK ELA argumentative essay (400-600 words) who is rushing to finish before the bell rings on the topic: {Should schools ban cell phone use during the school day?} taking the position: {For — focuses on academic focus/reduced classroom distraction}. State it in one flat sentence without explaining why. Give 1-2 reasons but don't explain how they connect to your opinion. Don't respond to anyone who might disagree with you. Jump between ideas without connecting them. Include a few run-on sentences and at least one sentence where the subject and verb don't agree. End abruptly without wrapping up. Include repetitive transitions. 
","Schools should ban cell phones during the school day. Phones is a big problem in class. Everybody always on their phone instead of doing work, and teachers have to stop teaching to tell kids to put it away, it happens like every five minutes and it wastes so much time and then people forget what page we were on and have to ask again. Also phones make it hard to focus. Also some kids just scroll the whole class period and don't even try to hide it anymore. My little cousin got a phone in third grade and now he can't even sit still for a movie. Also teachers say the test scores went down since more kids got phones, I don't know the actual numbers but I heard that from someone. Banning phones would fix school basically. Also I think block the wifi too so kids can't use school computers to text either. My friend Jayden says he needs his phone for music while he works but that's not really the point I'm talking about. Also during lunch everyone on their phone instead of talking which is kind of sad but that's a different topic. The bell schedule this year also got changed and that make everything more confusing with passing periods, teachers is always mad about time now. Anyway phones are just bad for school. Also I forgot to say that some teachers already have a phone bin but people still sneak them in their sleeves or their socks so it doesn't even work that good honestly so maybe they need lockers instead like actual locked ones for phones. Also group chats during school cause drama and that drama comes into the classroom and ruins the whole day for everybody involved. Also",294,7/28/2026,"developing, C",7/29/2026,"Feedback
5

/

10

Summary
You took a clear stand on the issue of phones in the classroom and used your own observations to support your point. To make your argument even stronger, you can focus on organizing your ideas and using more formal evidence.

3 Things You Did Well
You used personal anecdotes and observations, like noticing students scrolling during class, which makes your argument feel real and relatable to your audience.
You took a very clear side on the topic, which helps the reader understand exactly where you stand from the beginning of your essay.
Your strongest point was your ability to connect the topic to the daily reality of school life, showing that you are paying close attention to how technology affects your peers.
2 Things to Improve
Instead of repeating the word 'also' to start your sentences, try using varied transitions to help your ideas flow. For example, instead of saying 'Also some kids just scroll,' you could write: 'Furthermore, many students spend the entire class period scrolling through their feeds.'
To make your claims more professional, replace hearsay with specific data and fix subject-verb agreement. For instance, you could change 'Phones is a big problem... I heard test scores went down' to: 'Phones are a significant distraction; in fact, recent studies show that average test scores decreased by 10% when students had access to devices.'
1 Question I Still Have
Rewrite your body paragraphs using a formal outline and check that every 'Phones is' is corrected to 'Phones are' before your next submission.
Rubric
1) Purpose/Organization

While you take a clear side, your essay lacks a formal structure and relies too heavily on repeating the word ""also"" instead of using varied transitions to connect your ideas. For example, you write, ""Also some kids just scroll the whole class period and don't even try to hide it anymore."", which shows how the repetition makes your writing feel more like a list than a developed argument. To improve, try to organize your thoughts into separate paragraphs for each main point and use different transition words like 'furthermore,' 'consequently,' or 'in addition.'

Score

2
2) Evidence/Elaboration

You use personal anecdotes and observations to support your claim, but you lack specific evidence or facts from reliable sources to make your argument truly convincing. You mentioned that ""Also teachers say the test scores went down since more kids got phones, I don't know the actual numbers but I heard that from someone."", which shows you are relying on hearsay rather than data. You should include specific statistics from research studies or expert quotes to back up your claims about test scores and attention spans.

Score

2
3) Conventions

You demonstrate a partial command of conventions, as there are several errors in subject-verb agreement and punctuation, particularly with run-on sentences. For example, you wrote, ""Phones is a big problem in class."" To improve, make sure your subjects and verbs match, such as changing ""Phones is"" to ""Phones are,"" and use periods to separate your long sentences into smaller, clearer thoughts.

Score

1
",5/10,7/29/2026,1,1,1,1,1,1,"The student response contains several meaningful strengths: it takes a clear position, includes multiple concrete observations from school life, and offers specific examples such as students scrolling in class, phone bins not working, and group chat drama affecting the classroom. The teacher feedback explicitly recognizes these strengths. It says the student 'took a clear stand on the issue' and 'used your own observations to support your point,' and it further identifies personal anecdotes like 'noticing students scrolling during class' as making the argument feel real and relatable. It also names the student’s 'strongest point' as connecting the topic to the daily reality of school life. These are specific acknowledgments tied directly to content actually present in the student text, not generic praise. The feedback also frames the strengths in terms of writing moves and reasoning strategies—taking a clear side, using observations, connecting topic to audience—rather than fixed traits. Therefore, the feedback meets the criterion."
9th grade,ELA,Argumentative,Should schools ban cell phone use during the school day?,Weak,w2.2,For — focuses on reducing cyberbullying and social conflict during school hours,Act as a 9th grade student and write an WEAK ELA argumentative essay (400-600 words) who is rushing to finish before the bell rings on the topic: {Should schools ban cell phone use during the school day?} taking the position: {For — focuses on reducing cyberbullying and social conflict during school hours}. State it in one flat sentence without explaining why. Give 1-2 reasons but don't explain how they connect to your opinion. Don't respond to anyone who might disagree with you. Jump between ideas without connecting them. Include a few run-on sentences and at least one sentence where the subject and verb don't agree. End abruptly without wrapping up. Include repetitive transitions. ,"Cell phones should be banned in school because of cyberbullying. Phones causes a lot of drama between kids. Also people be screenshotting stuff and sending it around the whole grade before the teacher even know what's happening, it happen so fast and by lunch the whole school seen it. Also group chats gets started in first period and then by third period somebody crying in the bathroom because of what got said. My cousin's friend actually got into a fight because of a Snapchat thing and it started during school hours on school wifi even. Also kids film each other without asking and post it which is not okay. Also I think if phones was gone none of that could happen during the day at least. Some people say phones help with bullying because you can report it but that's not really true in my opinion. Also teachers can't even see what's happening on the phones so they don't know half of what going on in the group chats, it's like a whole secret world during school that adults don't know about at all and it causes so many problems that spill into the hallways. Also social media just make everything worse in general not just at school. Also fights that start online end up happening in person at school the next day and then everybody get in trouble for something that started on a screen. Anyway banning phones would help a lot with all this stuff and kids could just focus on being normal at school for once without",260,7/28/2026,"developing, C+",7/29/2026,"Feedback
6

/

10

Summary
You did a great job identifying relatable problems with cell phones, like cyberbullying and classroom distractions. Your argument is clear, but organizing your ideas into a formal structure will make your message even more powerful.

3 Things You Did Well
You used very relatable examples of how phones cause social conflict, which helps your audience immediately understand the risks of cyberbullying.
Your claim against cell phones is consistent throughout the piece, making it very easy for the reader to know exactly where you stand on the issue.
Your strongest point was how you captured the speed of social media; describing how a screenshot can spread to the whole school by lunch was a vivid and impactful way to show the urgency of the problem.
2 Things to Improve
To make your writing flow better, try using different transition words instead of starting sentences with 'Also.' For example, instead of 'Also people be screenshotting,' you could write: 'Furthermore, students often take screenshots and share them instantly.'
You can strengthen your personal stories by adding facts or data from outside sources. Instead of just saying phones are a distraction, you could write: 'According to a recent study, 80% of students admit to checking their phones during class, which supports my observation that they interrupt learning.'
1 Question I Still Have
Rewrite your draft by grouping your ideas into three distinct sections—an introduction, a body paragraph, and a conclusion—while checking that your subjects and verbs match, such as changing 'the teacher know' to 'the teacher knows.'
Rubric
1) Purpose/Organization

Your essay presents a clear claim against cell phones, but the structure is very repetitive and lacks a proper introduction, conclusion, or paragraph breaks. To improve, organize your ideas into distinct paragraphs with an introduction and conclusion, and use varied transitional words instead of starting every sentence with ""Also.""

Score

2
2) Evidence/Elaboration

You provide several relatable examples of how phones cause conflict, but your support relies mostly on personal anecdotes rather than specific facts or evidence from outside sources. Try to include specific evidence or data from articles or studies to back up your personal observations about cyberbullying and distractions.

Score

2
3) Conventions

You demonstrate an adequate command of conventions, although you have some errors in subject-verb agreement and punctuation that occasionally affect the flow. For example, you wrote, ""Also people be screenshotting stuff and sending it around the whole grade before the teacher even know what's happening, it happen so fast and by lunch the whole school seen it."" To improve, try to ensure that your subjects and verbs match, such as changing 'the teacher even know' to 'the teacher even knows,' and avoid using 'also' to start every sentence.

Score

2
",6/10,7/29/2026,1,1,1,1,1,1,"The student response has several meaningful strengths to acknowledge: a clear claim that phones should be banned in school, multiple concrete examples of cyberbullying-related harm, and especially a vivid example about screenshots spreading through the school by lunch. The feedback does more than give generic praise. It explicitly identifies specific strengths in the student’s actual writing: it says the student identified relatable problems like cyberbullying, maintained a consistent claim, and vividly showed the speed of social media through the screenshot example. These acknowledgments are specific, grounded in the student text, and tied to writing moves and ideas worth building on. Because the feedback clearly names useful, promising, and well-done elements in the student’s response, it meets the criterion."
9th grade,ELA,Argumentative,Should schools ban cell phone use during the school day?,Weak,w2.3,Against — focuses on safety/emergency contact with parents,Act as a 9th grade student and write an WEAK ELA argumentative essay (400-600 words) who is rushing to finish before the bell rings on the topic: {Should schools ban cell phone use during the school day?} taking the position: {Against — focuses on safety/emergency contact with parents}. State it in one flat sentence without explaining why. Give 1-2 reasons but don't explain how they connect to your opinion. Don't respond to anyone who might disagree with you. Jump between ideas without connecting them. Include a few run-on sentences and at least one sentence where the subject and verb don't agree. End abruptly without wrapping up. Include repetitive transitions. ,"Schools should not ban cell phones because of safety. Kids needs their phone in case something happen. Also what if there's an emergency and the office phones is busy, my mom always say she needs to reach me fast if something bad happens like a lockdown or a fire or whatever. Also during covid everybody needed phones to know what was going on with pickup times and stuff. My older sister said in her school there was a lockdown drill and everyone was texting their parents the whole time to stay calm, that seem important to me. Also some parents work far away and can't always answer the school phone number quick enough. Also kids get anxious not having their phone, I know I would. Also what about after school when plans change last minute, like if practice get cancelled you need to text your ride. Some people say the office can call parents but the office phone lines be busy a lot, I seen it happen. Also texting is just faster than waiting for someone to answer a landline honestly and in a real emergency seconds matter a lot. Also I don't think teachers understand how scary it is to not have a way to reach your family if something goes wrong in the building. Anyway phones should stay allowed for safety reasons and that's really all there is to it when you think about",236,7/28/2026,"developing, C",7/29/2026,"Feedback
5

/

10

Summary
You did a great job sharing your personal perspective on why phones are important for safety. To make your argument even stronger, you can work on organizing your ideas into paragraphs and using more formal evidence.

3 Things You Did Well
You shared several personal and hypothetical examples about safety that helped the audience understand your point of view and why this issue matters to you.
You clearly stated your position on the topic right away, which made it easy for the reader to know exactly where you stand on the issue of phones in school.
Your strongest point was your ability to connect the topic to real-world safety concerns, showing that you are thinking deeply about how technology impacts your daily life.
2 Things to Improve
You can make your writing look more professional by breaking your big paragraph into smaller sections and using different transition words. Instead of starting every sentence with 'Also,' try a structure like this: 'Furthermore, phones provide a direct line to parents. In addition, they help students feel secure.'
To make your argument more convincing, try replacing personal feelings with facts or expert quotes. For example, instead of saying 'I know I would get anxious,' you could write: 'According to a recent study, 60% of students feel safer when they have access to a communication device during emergencies.'
1 Question I Still Have
Practice matching your verbs to your subjects by rewriting your safety sentences, such as changing 'Kids needs their phone' to 'Kids need their phones' and 'something happen' to 'something happens.'
Rubric
1) Purpose/Organization

While you clearly state your position on safety, your essay lacks a formal structure because you wrote everything in one large paragraph and used the word ""Also"" repeatedly to start sentences. For example, your writing style is very informal when you say, ""Anyway phones should stay allowed for safety reasons and that's really all there is to it when you think about"" To improve your organization, separate your introduction, body points, and conclusion into different paragraphs and use a variety of transitions like ""Furthermore"" or ""In addition.""

Score

2
2) Evidence/Elaboration

You provide several personal and hypothetical examples to support your claim, but you do not include any specific evidence or facts from outside sources to strengthen your argument. You relied on personal feelings when you wrote, ""Also kids get anxious not having their phone, I know I would."" You should include specific facts, statistics, or expert quotes from articles to back up your personal experiences and make your argument more convincing.

Score

2
3) Conventions

You demonstrate a partial command of conventions, but you frequently struggle with subject-verb agreement and formal sentence transitions. For example, you wrote, ""Kids needs their phone in case something happen,"" where both verbs are conjugated incorrectly for their subjects. To improve, you should focus on matching your verbs to their subjects (for example, 'kids need' and 'something happens') and avoid starting every sentence with the word 'Also'.

Score

1
",5/10,7/29/2026,1,1,1,1,1,1,"The student response contains several meaningful strengths: a clear claim against banning phones, multiple concrete safety-related examples, and a consistent focus on the importance of communication during emergencies. The teacher feedback does acknowledge these strengths directly and specifically. It says the student ""did a great job sharing your personal perspective on why phones are important for safety,"" notes that the student ""clearly stated your position on the topic right away,"" and identifies ""several personal and hypothetical examples about safety"" as helping the audience understand the point. It also highlights the student’s connection to ""real-world safety concerns.""

These acknowledgments are specific rather than generic because they point to identifiable features of the student’s actual writing: the clear stance, the safety-based reasoning, and the use of examples such as emergencies, lockdowns, pickup changes, and parent contact. The feedback is anchored in evidence from the student text and frames the strengths in terms of writing moves and thinking processes, such as stating a position clearly and connecting the issue to real-world concerns. Because the feedback explicitly identifies useful and promising elements in the student’s response, it meets the criterion."
9th grade,ELA,Argumentative,Should schools ban cell phone use during the school day?,Weak,w2.4,Against — focuses on responsible-use skills students need to learn before adulthood,Act as a 9th grade student and write an WEAK ELA argumentative essay (400-600 words) who is rushing to finish before the bell rings on the topic: {Should schools ban cell phone use during the school day?} taking the position: {Against — focuses on responsible-use skills students need to learn before adulthood}. State it in one flat sentence without explaining why. Give 1-2 reasons but don't explain how they connect to your opinion. Don't respond to anyone who might disagree with you. Jump between ideas without connecting them. Include a few run-on sentences and at least one sentence where the subject and verb don't agree. End abruptly without wrapping up. Include repetitive transitions. ,"Schools should not ban phones because we need to learn responsible use. Kids has to learn sometime how to handle a phone the right way. Also just taking it away don't teach nothing, it just delays the problem until we older and then we won't know how to handle it at all. My uncle says in the real world your boss expect you to check your phone sometimes for emails and stuff so we should practice that now. Also banning it completely is like never letting a kid near water and then expecting them to swim perfect later, that don't make sense to me. Also some teachers already let us use phones for calculators and stuff in math class which is helpful. Some people say we'll just get distracted but that's what rules and practice is for, not banning the whole thing. Also collage students use laptops and phones all the time so high school should get us ready for that not shelter us from it completely. Also learning self control is a life skill and you can't learn it if the thing is just gone the whole day every single day for four years straight. Anyway I think we should keep phones and just have rules about when to use them instead of a full ban because that would actually teach us something useful for later",227,7/28/2026,"developing, B-",7/29/2026,"Feedback
4

/

10

Summary
You presented a clear and logical argument for why schools should teach phone management rather than banning them entirely. Your use of personal examples from your family's perspective helped make your point relatable and grounded.

3 Things You Did Well
You clearly stated your main argument about using rules to teach responsibility, which helped the audience understand exactly where you stand on the issue.
You included logical reasons and personal anecdotes, like your uncle's advice about workplace expectations, which added a realistic touch to your presentation.
Your strongest point was your ability to connect the topic to real-world skills, showing the audience that learning to handle technology now is a valuable lesson for your future career.
2 Things to Improve
To make your writing easier to follow, try using a formal paragraph structure. For example, instead of one long block of text, start with an introduction like: 'While some suggest a total ban, I believe schools should implement specific rules for phone use to teach students digital literacy.'
You can improve your grammar by checking that your subjects and verbs match in number. For instance, instead of saying 'Kids has to learn,' you should write 'Kids have to learn,' or change 'that don't' to 'that doesn't' when talking about a single thing.
1 Question I Still Have
Practice organizing your next draft into three distinct sections—an introduction, a body paragraph with evidence from an article, and a conclusion—while double-checking that your plural subjects have plural verbs.
Rubric
1) Purpose/Organization

Your argument is clear, but the response lacks a formal structure with separate paragraphs for the introduction, body, and conclusion. ""Anyway I think we should keep phones and just have rules about when to use them instead of a full ban because that would actually teach us something useful for later"" To improve, organize your essay into distinct paragraphs, starting with an introduction that has a clear thesis statement, followed by separate body paragraphs for each main reason.

Score

1
2) Evidence/Elaboration

You provide some logical reasons and personal examples to support your claim, though the evidence is mostly anecdotal and lacks specific source-based facts. ""My uncle says in the real world your boss expect you to check your phone sometimes for emails and stuff so we should practice that now."" Try to include specific evidence from articles or studies about digital literacy and school policies to make your argument more convincing.

Score

2
3) Conventions

You demonstrate a partial command of conventions, as your writing includes several errors in subject-verb agreement and word usage that occasionally interrupt the flow. For example, you wrote, ""Kids has to learn sometime how to handle a phone the right way,"" where the plural subject ""Kids"" does not match the singular verb ""has."" To improve, please review your work for subject-verb agreement, such as changing ""Kids has"" to ""Kids have"" and ""that don't"" to ""that doesn't.""

Score

1
",4/10,7/29/2026,1,1,1,1,1,1,"The student response contains several meaningful strengths: a clear claim against banning phones, multiple reasons, a personal anecdote about the uncle and workplace expectations, and an extended analogy about learning to swim. The teacher feedback explicitly names these strengths. It says the student presented a clear and logical argument, identifies the main argument about rules teaching responsibility, and points to the uncle example as making the point relatable and realistic. It also highlights the connection to real-world skills as the strongest point. These acknowledgments are specific, grounded in the student’s actual writing, and framed around the student’s argumentative moves and reasoning rather than fixed traits. Because the feedback clearly and specifically recognizes promising and well-done aspects of the response, it meets the criterion."
9th grade,ELA,Argumentative,Should schools ban cell phone use during the school day?,Developing,d2.1,For — focuses on academic focus/reduced classroom distraction,"Act as a 9th grade student and write an DEVELOPING ELA argumentative essay (400-600 words) who puts in a reasonable but not exceptional effort on the topic: {Should schools ban cell phone use during the school day?} taking the position: {For — focuses on academic focus/reduced classroom distraction}. State your opinion but keep it somewhat general. Give 2-3 reasons; explain some of them but leave others just stated without much backup. Mention that some people might disagree, but only in passing don't really engage with why. Connect ideas but not using varied transitions. Include a few small grammar or spelling slips that don't get in the way of understanding. 
","I think schools should ban cell phones during the school day because they cause a lot of distraction. Phones make it hard for students to pay attention, and this affects everyone's grades, not just the people using them. When one student is on their phone, it often pulls other students' attention too, since people naturally look over to see what's happening.

One reason phones should be banned is that they interrupt class time constantly. Teachers have to stop what they're doing to remind students to put their phones away, and this happens multiple times in almost every period. That adds up to a lot of lost learning time over a whole school year. Another reason is that notifications are distracting even when students aren't actively using their phone. A buzz or a lock screen message pulls your attention away from the lesson, even if you don't mean for it to.

Phones also make it easier for students to avoid doing hard work. If a math problem feels difficult, some students will just pick up their phone instead of pushing through it, because it's an easy escape. I've noticed this happen in my own classes a few times.

Some people might say that phones aren't that big of a problem and that students can control themselves, but I don't think that's true for everyone, and it's not fair to base a policy on the students who already have good self-control. Also, some students use their phones responsibly for schoolwork like looking up notes, but a full ban would probably keep them off task less than they already are.

Overall, banning phones during school could help students concentrate more and get more out of their classes. Also it would probably make teachers less stressed since they wouldn't have to police phone use all class. In the end, less distraction during the day could actually make school better for everybody, even if it feels annoying at first.",324,7/28/2026,"strong, A-",7/29/2026,"Feedback
9

/

10

Summary
You delivered a well-organized argument with a clear claim about the benefits of banning phones in school. Your writing shows a strong command of grammar and a logical flow that makes your points easy to follow.
3 Things You Did Well
Your organizational structure was very effective because the clear introduction, body, and conclusion helped the audience track your argument from start to finish.
You used relatable personal observations, like how teachers often have to stop lessons to manage phone use, which created a realistic picture of classroom distractions for your readers.
Your strongest asset was your clear and consistent claim; by stating that banning phones helps students concentrate, you gave your essay a powerful and focused purpose that never wavered.
2 Things to Improve
To make your argument more authoritative, try adding specific data or studies instead of just personal thoughts. For example, instead of saying 'phones are distracting,' you could write: 'According to a 2023 study by the Journal of Education, students who kept their phones in lockers scored 6% higher on exams.'
You can improve your flow by fixing minor run-on sentences to ensure your ideas stay sharp. For instance, you could rewrite your sentence about teacher stress as: 'Also, it would probably make teachers less stressed. They wouldn't have to police phone use all class.'
1 Question I Still Have
Research one specific statistic about student focus and practice integrating it into your next draft using a formal citation.
Rubric
1) Purpose/Organization

You have maintained a clear claim and used an effective organizational structure that includes an introduction, body paragraphs, and a conclusion. ""Overall, banning phones during school could help students concentrate more and get more out of their classes.""

Score

4
2) Evidence/Elaboration

You provide adequate support for your claim using logical reasoning and personal observations, though integrating specific data or citations would make your argument even more convincing. ""Teachers have to stop what they're doing to remind students to put their phones away, and this happens multiple times in almost every period."" To improve, try to include specific evidence from outside sources, such as statistics on academic performance or studies about classroom distractions, to back up your personal observations.

Score

3
3) Conventions

You demonstrate an excellent command of grammar and punctuation, with only a minor run-on sentence near the end of your essay. For instance, you wrote, ""Also it would probably make teachers less stressed since they wouldn't have to police phone use all class.""

Score

2
",9/10,7/29/2026,1,1,1,1,1,1,"The student response contains multiple clear strengths: a focused claim that schools should ban phones, logical organization across introduction/body/conclusion, relevant reasoning about distraction and lost learning time, a counterargument, and a personal observation about what happens in class. The teacher feedback explicitly identifies several of these strengths. It says the argument is well-organized, names the clear claim, points to the effective introduction/body/conclusion structure, and highlights the student's personal observations about teachers stopping lessons. These acknowledgments are specific, grounded in the actual essay, and framed in terms of writing moves and argument strategies rather than fixed traits. Because the feedback clearly and specifically names what is working in the student's writing, it meets the criterion."
9th grade,ELA,Argumentative,Should schools ban cell phone use during the school day?,Developing,d2.2,For — focuses on reducing cyberbullying and social conflict during school hours,"Act as a 9th grade student and write an DEVELOPING ELA argumentative essay (400-600 words) who puts in a reasonable but not exceptional effort on the topic: {Should schools ban cell phone use during the school day?} taking the position: {For — focuses on reducing cyberbullying and social conflict during school hours}. State your opinion but keep it somewhat general. Give 2-3 reasons; explain some of them but leave others just stated without much backup. Mention that some people might disagree, but only in passing don't really engage with why. Connect ideas but not using varied transitions. Include a few small grammar or spelling slips that don't get in the way of understanding. ","Schools should ban cell phones during the school day because they make cyberbullying and social conflict worse. Phones give students a way to say and send things quickly without thinking, and a lot of that ends up hurting people during school hours, which then affects their whole day.

One reason is that group chats and social media apps let rumors spread really fast. Something that starts as a joke in first period can turn into a huge fight by lunch, and teachers usually have no idea it's even happening until it's already a problem. Another reason is that screenshots make things worse, because private conversations get shared with people who were never supposed to see them, and there's no way to take it back once it's out there.

Cell phones also make it easier for conflicts to follow students around the building all day instead of staying contained. If someone is upset about something that happened online during first period, they might still be upset by sixth period, and that affects their focus in every class in between.

Some people think that banning phones won't stop cyberbullying because kids can still do it after school, and that's true to an extent. But at least during school hours, students would have to deal with problems in person or wait, instead of it spreading instantly to everyone in the grade. That alone could reduce a lot of the drama that happens during the actual school day.

Teachers and counselors also can't really monitor what's happening on phones, so a lot of bullying goes on without adults knowing. If phones were banned, at least the school day could be a break from all of that.

For these reasons, I believe banning phones during school hours would cut down on a lot of the social conflict and cyberbullying that happens right now.",308,7/28/2026,"Strong, A-",7/29/2026,"Feedback
9

/

10

Summary
You delivered a highly organized and persuasive argument regarding the impact of cell phones on the school environment. Your writing shows a strong command of grammar and a logical flow that makes your position very clear.

3 Things You Did Well
Your essay is incredibly well-organized, using logical body paragraphs and a clear claim to help the reader follow your thinking from start to finish.
You demonstrated excellent control over complex sentence structures and punctuation, which kept your writing professional and easy to read.
I loved how you acknowledged the opposing view and used the specific example of how screenshots make social conflicts permanent; it made your argument about cyberbullying feel very real and urgent.
2 Things to Improve
To make your argument even more convincing, try adding specific data or expert quotes rather than relying only on personal observations. For example, instead of just saying phones cause conflict, you could write: 'According to a 2023 study by the Pew Research Center, 46% of teens report experiencing at least one type of cyberbullying, which supports the idea that restricted phone access could improve student well-being.'
You can strengthen your evidence by moving from general statements to concrete facts. Instead of saying 'screenshots make things worse,' you could use a more formal structure like: 'Research shows that digital footprints are permanent; for instance, a single shared screenshot can reach hundreds of peers in seconds, creating a cycle of conflict that teachers cannot easily stop.'
1 Question I Still Have
Research one statistic or expert quote related to school phone bans and practice integrating it into your next body paragraph using a transition like 'Furthermore, data suggests...'
Rubric
1) Purpose/Organization

You have created a very well-organized essay with a clear claim, logical body paragraphs, and an effective acknowledgement of the opposing view. ""For these reasons, I believe banning phones during school hours would cut down on a lot of the social conflict and cyberbullying that happens right now.""

Score

4
2) Evidence/Elaboration

You provide solid reasoning and explain how cell phones contribute to conflict, though you could strengthen your argument by including specific examples or data from external sources. ""Another reason is that screenshots make things worse, because private conversations get shared with people who were never supposed to see them, and there's no way to take it back once it's out there."" To improve, try to integrate specific facts, statistics, or direct quotes from articles to back up your personal observations about how phones affect student behavior.
Score

3
3) Conventions

You demonstrate a strong command of conventions with clear sentence structure and accurate punctuation throughout your essay. For example, you correctly use commas to separate clauses in the sentence, ""If someone is upset about something that happened online during first period, they might still be upset by sixth period, and that affects their focus in every class in between.""

Score

2
",9/10,7/29/2026,1,1,1,1,1,1,"The student response has multiple clear strengths: a focused claim, logical organization, relevant reasons, an effective counterargument, and concrete examples such as rumors spreading through group chats and screenshots making conflict permanent. The teacher feedback clearly acknowledges these strengths in a specific, grounded way. It explicitly praises the essay’s organization, clear claim, sentence control, and especially the student’s use of the opposing view and the screenshots example. These comments are tied directly to features actually present in the student’s writing and explain why they are effective. The feedback also frames the strengths as writing moves and argumentative choices the student made, not just as vague positive traits. Therefore, the feedback meets the criterion for acknowledging strength."
9th grade,ELA,Argumentative,Should schools ban cell phone use during the school day?,Developing,d2.3,Against — focuses on safety/emergency contact with parents,"Act as a 9th grade student and write an DEVELOPING ELA argumentative essay (400-600 words) who puts in a reasonable but not exceptional effort on the topic: {Should schools ban cell phone use during the school day?} taking the position: {Against — focuses on safety/emergency contact with parents}. State your opinion but keep it somewhat general. Give 2-3 reasons; explain some of them but leave others just stated without much backup. Mention that some people might disagree, but only in passing don't really engage with why. Connect ideas but not using varied transitions. Include a few small grammar or spelling slips that don't get in the way of understanding. ","I don't think schools should ban cell phones during the school day, mainly because of safety. Phones let students contact their parents quickly if something goes wrong, and that matters a lot in emergencies.

One reason is that school office phones can only handle so many calls at once. If there's a real emergency, like a lockdown, the office lines are going to be busy, and parents want to know their kid is okay right away. Having a phone lets students text their families directly instead of waiting for the school to reach everyone one by one. Another reason is that plans change quickly after school, like if a practice gets cancelled or a ride falls through, and phones let students handle that themselves instead of relying on the office.

Some schools have said students can use the office phone if they need to contact home, but that's not always realistic during a busy school day, and it doesn't help if something urgent happens during class. A phone in a student's pocket is just faster and more direct.

I know some people argue that phones cause more problems than they solve, and during an actual emergency people using their phones could clog up cell networks or cause panic. That's a fair point, but I still think the benefit of being able to reach your family is worth it, especially for younger students or students with parents who work far from the school.

Overall, I think phones give students and families peace of mind, and taking that away could make emergencies scarier and more confusing than they need to be. Banning phones might solve some problems, but it creates a safety risk that isn't really worth it in my opinion.",289,7/28/2026,"Strong, A-",7/29/2026,"Feedback
9

/

10

Summary
You delivered a well-organized argument that highlights the importance of cell phones for student safety and family communication. Your writing is clear and follows standard grammar rules, making your points easy for the reader to follow.

3 Things You Did Well
Your organizational structure is very effective because you used a strong introduction and body paragraphs to lead the reader toward a thoughtful conclusion about student safety.
You showed a great command of grammar and punctuation, such as using commas correctly in introductory phrases, which makes your writing look professional and polished.
I liked most how you acknowledged the opposing side regarding network congestion while still explaining why office phones are limited; this balanced view makes your argument much more persuasive to the audience.
2 Things to Improve
To make your argument even more convincing, try adding specific data or quotes from experts rather than relying only on general explanations. For example, instead of just saying office lines get busy, you could write: 'According to a 2023 school safety report, 85% of parents feel more secure when they have a direct line to their child during emergencies.'
You can strengthen your evidence by moving from general scenarios to concrete facts. Instead of saying 'parents want to know their kid is okay,' you could use a direct quote like: 'Safety expert John Doe states that ""instant communication reduces panic during school lockdowns.""' This adds authority to your claims.
1 Question I Still Have
Find one news article or study about school cell phone policies and practice integrating one direct quote and one statistic into your body paragraphs.
Rubric
1) Purpose/Organization

You have created a clear and effective organizational structure that includes a strong introduction, body paragraphs, and a thoughtful conclusion. ""Overall, I think phones give students and families peace of mind, and taking that away could make emergencies scarier and more confusing than they need to be.""

Score

4
2) Evidence/Elaboration

You provide adequate support for your claim by explaining the limitations of school office phones and acknowledging opposing arguments about network congestion. ""If there's a real emergency, like a lockdown, the office lines are going to be busy, and parents want to know their kid is okay right away."" To improve your score, try to incorporate specific facts, statistics, or direct quotes from articles to provide more thorough evidence for your claims.

Score

3
3) Conventions

You demonstrate a strong command of conventions with clear sentence structure, accurate capitalization, and correct punctuation throughout your essay. For example, you correctly use commas to set off introductory phrases as seen in, ""Overall, I think phones give students and families peace of mind, and taking that away could make emergencies scarier and more confusing than they need to be.""

Score

",9/10,7/29/2026,1,1,1,1,1,1,"The student response contains several clear strengths: a focused claim against banning cell phones, organized reasoning across multiple paragraphs, consideration of a counterargument, and specific explanation about emergencies, office phone limits, and after-school logistics. The teacher feedback explicitly identifies these strengths in a detailed and accurate way. It praises the organization, grammar/conventions, and especially the student's acknowledgment of the opposing side while explaining why office phones are limited. These acknowledgments are specific to the student's actual essay and point to concrete writing moves the student made. The feedback also frames the strengths in process/productive terms, such as using structure effectively and making the argument more persuasive by balancing viewpoints. Therefore, the feedback clearly acknowledges strength."
9th grade,ELA,Argumentative,Should schools ban cell phone use during the school day?,Developing,d2.4,Against — focuses on responsible-use skills students need to learn before adulthood,"Act as a 9th grade student and write an DEVELOPING ELA argumentative essay (400-600 words) who puts in a reasonable but not exceptional effort on the topic: {Should schools ban cell phone use during the school day?} taking the position: {Against — focuses on responsible-use skills students need to learn before adulthood}. State your opinion but keep it somewhat general. Give 2-3 reasons; explain some of them but leave others just stated without much backup. Mention that some people might disagree, but only in passing don't really engage with why. Connect ideas but not using varied transitions. Include a few small grammar or spelling slips that don't get in the way of understanding. ","Schools should not ban cell phones during the school day because students need to learn how to use them responsibly before they become adults. If phones are just taken away completely, students never actually get the chance to practice good habits, and that could hurt them later on.

One reason is that adults have to manage their phones every day, whether it's for work emails, appointments, or just staying in contact with people. If school never lets students practice that kind of responsibility, they'll have to figure it out all at once after graduation, with no experience handling it. Another reason is that some teachers already use phones for helpful things in class, like calculators, timers, or looking things up, so a full ban would take away tools that are actually useful.

I also think self-control is something you build over time, not something that just appears one day. If students spend all four years of high school with phones completely banned, they don't get practice resisting distractions or making good choices about when to check their phone, they just avoid the problem entirely until it's suddenly their responsibility in college or a job.

Some people argue that students can't be trusted to use phones responsibly, and honestly, some students probably can't yet. But instead of banning phones completely, schools could set clear rules about when phones are okay to use, which would actually teach responsibility instead of just removing the temptation. That seems like a better long term solution than a full ban.

Overall, I think keeping phones around with clear rules would prepare students for real life a lot better than banning them completely and hoping students magically figure it out later.",284,7/28/2026,"Strong, A-",7/29/2026,"Feedback
9

/

10

Summary
You delivered a well-organized argument that flows logically from start to finish. Your writing is clear and demonstrates a strong command of grammar and sentence structure.

3 Things You Did Well
Your logical organization makes your argument easy to follow because you connect your introduction to your conclusion seamlessly.
You show an excellent command of grammar and punctuation, which helps the audience focus on your message without being distracted by errors.
Your use of transitions is your strongest asset, especially when you summarized your stance by explaining that clear rules prepare students for real life better than total bans.
2 Things to Improve
To make your arguments more persuasive, try adding specific data or statistics from articles rather than relying only on personal reasoning. For example, instead of just saying self-control takes time, you could write: 'According to a 2023 study by the Education Research Group, students who practiced moderated tech use showed a 15% increase in focus compared to those with total bans.'
You can strengthen your claims by providing concrete real-world examples to illustrate your points. Instead of saying 'they just avoid the problem,' you could say: 'For instance, a student who never uses a phone in class might struggle to manage notifications during a college lecture where there are no strict rules.'
1 Question I Still Have
Research one specific statistic or expert quote related to student self-control and integrate it into your next draft using a formal citation.
Rubric
1) Purpose/Organization

You have created a clear and logical argument that flows well from the introduction to the conclusion, showing good organization. Your transition at the start of the final section is effective: ""Overall, I think keeping phones around with clear rules would prepare students for real life a lot better than banning them completely and hoping students magically figure it out later.""

Score

4
2) Evidence/Elaboration

You offer sensible explanations for your stance, though you could strengthen your argument by including specific examples or data from articles to support your claims. You noted that development takes time, stating, ""I also think self-control is something you build over time, not something that just appears one day."" To improve your score, try to incorporate specific facts or statistics from external sources to provide more concrete evidence for your claims.

Score

3
3) Conventions

You demonstrate an excellent command of conventions, as your writing features correct grammar, clear sentence structure, and accurate punctuation throughout the essay. For example, you correctly use commas and complex structures in sentences like, ""If students spend all four years of high school with phones completely banned, they don't get practice resisting distractions or making good choices about when to check their phone, they just avoid the problem entirely until it's suddenly their responsibility in college or a job.""

Score

2
",9/10,7/29/2026,1,1,1,1,1,1,"The student response contains several meaningful strengths: a clear claim against banning phones, logical organization across multiple paragraphs, nuanced reasoning about responsibility and self-control, and a counterargument with a proposed alternative solution. The feedback explicitly acknowledges multiple strengths in a specific and grounded way. It praises the essay’s logical organization, grammar, and transitions, and it points to particular parts of the student’s writing, such as the conclusion about clear rules preparing students for real life better than total bans and the sentence about self-control developing over time. These are not generic compliments; they are tied to identifiable features of this student’s draft. The feedback also frames strengths in terms of writing moves and processes—organization, use of transitions, command of conventions, and development of argument—rather than fixed traits alone. Because the feedback clearly and specifically names useful strengths anchored in the student text, it meets the criterion."
9th grade,ELA,Argumentative,Should schools ban cell phone use during the school day?,Strong,s2.1,For — focuses on academic focus/reduced classroom distraction,"Act as a 9th grade student and write an STRONG ELA argumentative essay (400-600 words) who cared about this assignment and revised it before turning it in on the topic: {Should schools ban cell phone use during the school day?} taking the position: {For — focuses on academic focus/reduced classroom distraction}. Open by stating your opinion clearly. Give 3+ reasons with real-world examples or facts to back each one up, explaining how each connects to your point. Bring up a reason someone might disagree with you, and respond to it. Use different ways to connect your ideas. Wrap up by restating your point in a new way. Keep spelling and grammar clean. 
","Schools should ban cell phone use during the school day because phones are one of the biggest obstacles to academic focus that students face today.

The most obvious reason is that phones interrupt learning constantly, even when students aren't trying to misuse them. A 2023 Pew Research survey found that a large majority of teachers said cell phones were a major distraction in their classrooms, and many teachers report having to stop instruction repeatedly just to address phone use. Every interruption breaks the flow of a lesson, and those lost minutes add up across a whole class period, let alone an entire school year.

Beyond direct interruptions, phones also damage focus in ways students don't always notice. Studies on attention have shown that simply having a phone nearby, even face-down and silent, reduces a person's ability to concentrate, because part of their brain is still aware of it and anticipating notifications. This means that even students who aren't actively using their phones during class are still losing some of their attention to them.

Phones also make it easier to avoid difficult academic work. When a student hits a hard problem or a boring assignment, a phone offers an instant escape, which can quietly train students to give up on challenges instead of pushing through them. Over time, that habit can hurt both grades and the deeper skill of staying focused on something difficult, which matters far beyond school.

Some people argue that banning phones takes away a useful tool, since students can use them for calculators, research, or note-taking. That's a fair point, and schools could still provide school-issued devices or computers for those specific purposes, which would remove distraction apps like social media while keeping the useful academic functions available. This way, students wouldn't lose helpful tools, but they also wouldn't have constant access to distractions during instructional time.

In the end, a phone ban isn't about punishing students, it's about protecting the one thing school is actually meant to build: the ability to focus and learn. Removing phones during the school day would give students back the attention that constant notifications and easy distractions currently take from them, and that focus is worth far more than convenient access to a phone for seven hours a day.",378,7/28/2026,"Strong, A",7/29/2026,"Feedback
10

/

10

Summary
You delivered a highly persuasive and well-structured argument regarding the impact of cell phones on classroom learning. Your use of specific data and sophisticated sentence structures made your points very convincing.

3 Things You Did Well
Your logical organization helps the reader follow your argument easily, especially when you transition from the immediate impact of interruptions to the deeper psychological effects on attention.
You used strong evidence, such as the 2023 Pew Research survey, which gives your claims authority and shows the audience that this is a widespread issue for teachers.
Your command of language is excellent; your ability to craft complex sentences, like the one comparing focus to phone access, makes your writing feel professional and polished.
2 Things to Improve
To make your transitions even smoother, try using more varied linking words between your evidence and your analysis. For example, instead of just stating the survey results, you could say: 'Building on this data, it becomes clear that...' to bridge the gap between the research and your own conclusion.
While your sentences are clear, you can increase the impact of your call to action by using more direct, active verbs. Instead of saying 'Removing phones... would give students back attention,' try a more punchy version like: 'By banning phones, schools reclaim the focus students lose to constant notifications.'
1 Question I Still Have
Practice rewriting three sentences from your next draft to use active voice and stronger transition phrases to see how it changes the energy of your argument.
Rubric
1) Purpose/Organization

You have organized your essay exceptionally well, moving logically from the impact of interruptions to deeper psychological effects on attention. ""Every interruption breaks the flow of a lesson, and those lost minutes add up across a whole class period, let alone an entire school year.""

Score

4
2) Evidence/Elaboration

You provided strong support by citing specific research and using effective elaboration to explain the long-term habits formed by phone use. ""A 2023 Pew Research survey found that a large majority of teachers said cell phones were a major distraction in their classrooms, and many teachers report having to stop instruction repeatedly just to address phone use.""

Score

4
3) Conventions

You demonstrate an excellent command of language with clear sentence structure and precise grammar throughout your essay. For example, you correctly use complex sentence forms like, ""Removing phones during the school day would give students back the attention that constant notifications and easy distractions currently take from them, and that focus is worth far more than convenient access to a phone for seven hours a day.""

Score

2
",10/10,7/29/2026,1,1,1,1,1,1,"The student’s essay contains multiple clear strengths: a strong claim, logical organization, relevant evidence (including the Pew Research survey), thoughtful counterargument, and polished sentence-level control. The teacher feedback explicitly identifies several of these strengths in a way that is specific to the student’s actual writing. For example, it praises the organization by naming the move from immediate interruptions to deeper psychological effects, highlights the use of the 2023 Pew Research survey as strong evidence, and points to the student’s complex sentence style with a quoted example. This is not generic praise; it is anchored in concrete features of the essay and explains why those features are effective. The feedback also frames strengths in terms of writing choices and strategies—organization, evidence use, transitions, sentence crafting—rather than fixed traits alone. Therefore, the feedback clearly acknowledges strength."
9th grade,ELA,Argumentative,Should schools ban cell phone use during the school day?,Strong,s2.2,For — focuses on reducing cyberbullying and social conflict during school hours,"Act as a 9th grade student and write an STRONG ELA argumentative essay (400-600 words) who cared about this assignment and revised it before turning it in on the topic: {Should schools ban cell phone use during the school day?} taking the position: {For — focuses on reducing cyberbullying and social conflict during school hours}. Open by stating your opinion clearly. Give 3+ reasons with real-world examples or facts to back each one up, explaining how each connects to your point. Bring up a reason someone might disagree with you, and respond to it. Use different ways to connect your ideas. Wrap up by restating your point in a new way. Keep spelling and grammar clean. ","Schools should ban cell phone use during the school day because doing so would significantly reduce cyberbullying and social conflict among students.

One major reason is speed. Group chats and social media let rumors, arguments, and embarrassing content spread to an entire grade within minutes, often before any adult even knows a problem exists. A comment made in first period can be screenshotted, shared, and misinterpreted by dozens of students before lunch, turning a small disagreement into a schoolwide event. Without phones in hand, that kind of rapid, uncontrolled spread simply couldn't happen during school hours.

Another reason is that phones let conflict follow students everywhere in the building instead of staying in one place. A student upset by something said online during homeroom can still be distracted, hurt, or distracted by that same conflict six periods later, because their phone keeps the argument alive all day. Removing phones would at least give students a break from that constant exposure and let them focus on their actual classes instead of an ongoing digital fight.

Cyberbullying is also harder for schools to address than in-person conflict because so much of it happens where teachers and counselors can't see it. According to research from the Cyberbullying Research Center, a significant percentage of middle and high school students report experiencing cyberbullying, much of which happens through phones during the school day. If phones weren't available during class, students would have far fewer opportunities to send hurtful messages or share embarrassing content while school is in session.

Some people might argue that banning phones won't stop bullying, since students can still do it after school hours. That's true, phones outside of school are a separate issue schools can't fully control. But a ban would still remove several hours each day where cyberbullying currently thrives, giving students at least part of their day free from that pressure, and giving teachers a better chance to notice and address conflicts in person before they escalate further online.

Overall, banning phones during the school day wouldn't solve cyberbullying completely, but it would remove one of its biggest tools during the hours students are supposed to feel safest, and that alone makes it worth doing.",366,7/28/2026,"Strong, A",7/29/2026,"Feedback
9

/

10

Summary
You delivered a highly organized and persuasive argument that clearly demonstrates how digital conflicts impact the school day. Your writing shows a strong command of grammar and a logical flow that keeps your audience engaged.

3 Things You Did Well
Your organizational structure is very effective because you logically connect your main claim to the conclusion, helping the audience follow your train of thought without getting lost.
You used excellent sentence variety and punctuation, such as when you listed how a comment is 'screenshotted, shared, and misinterpreted,' which created a fast-paced and impactful rhythm for the reader.
The way you integrated research from the Cyberbullying Research Center was your strongest point because it provided professional authority to your argument and proved that this is a widespread issue for students.
2 Things to Improve
To make your evidence even more convincing, try replacing general phrases with specific data. For example, instead of saying 'a significant percentage,' you could write: 'According to the Cyberbullying Research Center, 37% of students report being bullied online, which proves this isn't just an occasional problem.'
You can strengthen your impact by using direct quotes to let the experts speak. Instead of just summarizing the research, try a structure like: 'The researchers noted that ""digital conflict creates a persistent distraction,"" which explains why students can't focus in class.'
1 Question I Still Have
Review your source materials to find two specific statistics or direct quotes and swap them into your body paragraphs to increase your persuasive power.
Rubric
1) Purpose/Organization

You have created a clear and effective organizational structure that logically moves from your claim through specific reasons to a conclusion. ""A student upset by something said online during homeroom can still be distracted, hurt, or distracted by that same conflict six periods later, because their phone keeps the argument alive all day.""

Score

4
2) Evidence/Elaboration

You provide adequate support for your claim by integrating research references and elaborating on how digital conflicts impact the school environment. ""According to research from the Cyberbullying Research Center, a significant percentage of middle and high school students report experiencing cyberbullying, much of which happens through phones during the school day."" To improve, you could include more specific statistics or direct quotes from your sources to make your evidence even more convincing and precise.

Score

3
3) Conventions

You demonstrate a strong command of conventions with clear sentence structure and correct grammar throughout your essay. For example, you correctly use punctuation in complex sentences like, ""A comment made in first period can be screenshotted, shared, and misinterpreted by dozens of students before lunch, turning a small disagreement into a schoolwide event.""

Score

2
",9/10,7/29/2026,1,1,1,1,1,1,"The student text contains several clear strengths: a focused claim, strong organization across body paragraphs, vivid explanation of how conflict spreads, a counterargument, and some research-based support. The feedback explicitly acknowledges multiple specific strengths in the student’s actual writing. It praises the organizational structure, highlights a particular sentence-level move ('screenshotted, shared, and misinterpreted') as effective, and identifies the use of research from the Cyberbullying Research Center as the strongest point. These acknowledgments are specific, grounded in the student text, and framed in terms of writing choices and their effects on the reader. Because the feedback does more than offer generic praise and instead names concrete, developable strengths, it meets the criterion."
9th grade,ELA,Argumentative,Should schools ban cell phone use during the school day?,Strong,s2.3,Against — focuses on safety/emergency contact with parents,"Act as a 9th grade student and write an STRONG ELA argumentative essay (400-600 words) who cared about this assignment and revised it before turning it in on the topic: {Should schools ban cell phone use during the school day?} taking the position: {Against — focuses on safety/emergency contact with parents}. Open by stating your opinion clearly. Give 3+ reasons with real-world examples or facts to back each one up, explaining how each connects to your point. Bring up a reason someone might disagree with you, and respond to it. Use different ways to connect your ideas. Wrap up by restating your point in a new way. Keep spelling and grammar clean. ","Schools should not ban cell phone use during the school day because phones play an important role in keeping students safe, especially during emergencies.

The clearest reason is that phones give students a direct, reliable way to reach their families when it matters most. In situations like lockdowns, severe weather, or medical emergencies, school office phone lines can quickly become overwhelmed as staff try to manage the situation and communicate with many families at once. A student with a phone can text a parent directly, letting them know they're safe far faster than waiting for an official message from the school. After several high-profile school emergencies in recent years, many parents and safety experts have pointed out that personal communication with a child can provide crucial reassurance and information in the first critical minutes of a crisis.

Phones are also important for everyday safety, not just major emergencies. Plans change quickly after school: a practice gets cancelled, a ride falls through, or a student needs to let a parent know about a change in routine. Being able to text home directly, rather than relying on a single school office phone to reach hundreds of families, gives students a practical tool for navigating those situations responsibly.

Some people argue that phones could actually make emergencies worse, since a flood of texting could overload cell networks or cause panic among students trying to coordinate at once. This is a reasonable concern, and it's true that phone use during a crisis should probably follow some guidelines, like waiting for an official all-clear before flooding a network with calls. But that concern points toward better training and clear emergency protocols, not toward banning phones altogether. Taking phones away completely would remove a genuine safety resource in exchange for solving a problem that could be managed with clearer rules instead.

Ultimately, the peace of mind and practical communication that phones provide, especially during emergencies, outweighs the distraction they might cause during a normal class period. Safety should come first, and for many students and families, a phone is one of the most reliable tools they have to stay connected when it matters most.",358,7/28/2026,Strong A,7/29/2026,"Feedback
10

/

10

Summary
You delivered a highly persuasive and well-structured argument regarding the importance of mobile phones in schools. Your writing is clear, professional, and demonstrates a strong command of language.

3 Things You Did Well
Your essay follows a logical flow that makes your argument easy to track, especially when you acknowledge opposing views to show you have considered all sides of the debate.
You used excellent grammar and sentence structure, such as in your sentence about students texting parents, which ensured your message was professional and easy for the audience to read.
The strongest part of your work is how you used specific, emotional evidence about emergency situations to prove that the practical benefits of phones outweigh the potential for distraction.
2 Things to Improve
To make your transitions even smoother, try using more varied linking words between your body paragraphs. For example, instead of just starting a new point, you could write: 'Beyond the immediate safety benefits, phones also serve as vital tools for daily organization.'
While your evidence is strong, you can strengthen your counter-argument by providing a specific solution to the problem you mentioned. You could rewrite your acknowledgement of distractions to say: 'While phones can be distracting, schools can implement ""phone hotels"" or designated usage times to balance focus with safety.'
1 Question I Still Have
Practice using transitional phrases and specific 'action-plan' solutions in your next persuasive piece to make your arguments even more undeniable.
Rubric
1) Purpose/Organization

You have written a very well-organized essay with a clear thesis statement and a logical flow that includes an effective acknowledgement of opposing views. ""Ultimately, the peace of mind and practical communication that phones provide, especially during emergencies, outweighs the distraction they might cause during a normal class period.""

Score

4
2) Evidence/Elaboration

You provide strong and convincing support for your claim by explaining the practical and emotional benefits of phone access during crises. ""A student with a phone can text a parent directly, letting them know they're safe far faster than waiting for an official message from the school.""

Score

4
3) Conventions

You demonstrate an excellent command of grammar, sentence structure, and punctuation, which makes your argument very easy to follow. ""A student with a phone can text a parent directly, letting them know they're safe far faster than waiting for an official message from the school.""

Score

2
",10/10,7/29/2026,1,1,1,1,1,1,"The student response contains several clear strengths: a focused thesis, strong organization, acknowledgment of a counterargument, and specific evidence about emergencies and everyday communication. The teacher feedback directly names and praises these strengths in detail. It points to particular features of the student’s writing—logical flow, acknowledgment of opposing views, strong grammar, and the use of specific emotional evidence—and even quotes or references exact parts of the essay. This is not generic praise; it is specific, grounded in the student text, and framed around writing moves the student made well. Therefore, the feedback clearly acknowledges strength."
9th grade,ELA,Argumentative,Should schools ban cell phone use during the school day?,Strong,s2.4,Against — focuses on responsible-use skills students need to learn before adulthood,"Act as a 9th grade student and write an STRONG ELA argumentative essay (400-600 words) who cared about this assignment and revised it before turning it in on the topic: {Should schools ban cell phone use during the school day?} taking the position: {Against — focuses on responsible-use skills students need to learn before adulthood}. Open by stating your opinion clearly. Give 3+ reasons with real-world examples or facts to back each one up, explaining how each connects to your point. Bring up a reason someone might disagree with you, and respond to it. Use different ways to connect your ideas. Wrap up by restating your point in a new way. Keep spelling and grammar clean. ","Schools should not ban cell phone use during the school day because students need real opportunities to practice responsible technology habits before they reach adulthood, and a full ban takes that opportunity away.

The first reason is that adult life requires constant phone management, from work emails to scheduling to staying in contact with employers and family. If schools remove phones completely for four years, students graduate having had almost no supervised practice managing the very device they'll be expected to handle responsibly the moment they leave. Just as driver's education exists because we don't expect teenagers to learn to drive safely on their own, structured phone use in school could teach students to manage distractions with guidance, instead of learning through trial and error once the stakes are higher.

Another reason is that many teachers already use phones as legitimate academic tools, whether for calculators, research, timed quizzes, or collaborative apps. A full ban would remove those resources along with the distractions, which seems like an overcorrection when the actual problem is misuse, not the technology itself.

Self-control is also a skill that develops through practice, not avoidance. Psychologists who study habit formation generally agree that learning to manage temptation in small, repeated situations builds stronger long-term self-regulation than simply removing the temptation altogether. If students never have to resist checking a notification during a lesson, they never build that muscle, and they'll likely struggle more with self-control once they reach college or a workplace where phones are expected to be handled responsibly without adult supervision.

Some people argue that many students clearly can't handle phones responsibly right now, and that's a fair observation. But the solution to that problem is clearer structure, not complete removal. Schools could set specific times and places where phones are allowed, paired with real consequences for misuse, which would actually teach responsibility instead of just postponing the challenge until students are on their own.

In the end, banning phones might make classrooms quieter in the short term, but it wouldn't prepare students for a world where phones are unavoidable. Teaching responsible use now, while there's still support and structure in place, is a far better investment in students' futures than removing the problem and hoping they figure it out later.",377,7/28/2026,"Strong, A",7/29/2026,"Feedback
9

/

10

Summary
You have written a highly organized and persuasive essay that demonstrates a sophisticated command of language and logic. Your ability to address opposing viewpoints while maintaining a clear thesis makes your argument very compelling.

3 Things You Did Well
Your logical progression of ideas and clear thesis statement made it very easy for the reader to follow your argument from start to finish.
You demonstrated an excellent command of grammar and punctuation, which ensured that your writing remained professional and easy to read without any distractions.
The way you effectively addressed the opposing viewpoint was your strongest asset, as it showed you have a deep understanding of the topic and can defend your position against counterarguments.
2 Things to Improve
To make your evidence even more convincing, try to integrate specific data or named sources rather than relying only on general logic. For example, instead of saying 'studies show habits take time,' you could write: 'According to a study by Dr. Jane Smith at University College London, it takes an average of 66 days for a new behavior to become automatic.'
Strengthen your elaboration by using direct quotes from experts to back up your claims. Instead of just explaining a point in your own words, you could structure it like this: 'Educational expert Mark Sullivan argues that ""consistency is the key to student success,"" which supports the idea that daily routines are essential.'
1 Question I Still Have
Research one specific statistic or expert quote related to your topic and practice integrating it into your body paragraphs using a formal citation.
Rubric
1) Purpose/Organization

You have crafted a very well-organized essay with a clear thesis and a logical progression of ideas that effectively addresses the opposing viewpoint.

Score

4
2) Evidence/Elaboration

You provide strong, logical reasons and elaborative techniques to support your claim, though incorporating specific statistics or named sources would make your evidence even more convincing. To reach the highest score, try to integrate specific evidence from external sources, such as data from a study on habit formation or a specific quote from an educational expert.

Score

3
3) Conventions

You demonstrate an excellent command of conventions, with very strong sentence structure, correct grammar, and precise punctuation throughout your essay.

Score

2
",9/10,7/29/2026,1,1,1,1,1,1,"The student text contains several clear strengths: a strong and specific thesis, logical organization across multiple body paragraphs, effective use of analogy and counterargument, and polished conventions. The teacher feedback explicitly names these strengths in a detailed way. It praises the essay’s organization, persuasive logic, command of language, grammar, punctuation, and especially the handling of the opposing viewpoint. These acknowledgments are specific to features actually present in the student’s essay, such as the clear thesis and the counterargument paragraph beginning with “Some people argue...”. The feedback also frames strengths in terms of writing moves and processes—logical progression, addressing opposing viewpoints, and maintaining clarity—rather than vague trait praise alone. Therefore, the feedback clearly acknowledges strength."
9th grade,ELA,Argumentative,Should standardized testing be reduced or eliminated?,Weak,w3.1,For — focuses on test anxiety and mental health impact on students,"Act as a 9th grade student and write an WEAK ELA argumentative essay (400-600 words) who is rushing to finish before the bell rings on the topic: {Should standardized testing be reduced or eliminated?} taking the position: {For — focuses on test anxiety and mental health impact on students}. State it in one flat sentence without explaining why. Give 1-2 reasons but don't explain how they connect to your opinion. Don't respond to anyone who might disagree with you. Jump between ideas without connecting them. Include a few run-on sentences and at least one sentence where the subject and verb don't agree. End abruptly without wrapping up. Include repetitive transitions. 
",Standardized testing should be eliminated. Also I think we take too many tests and it stress everyone out and nobody even likes it and its been that way for years. First of all testing make me feel sick before I even start I get a stomach ache and my hands shake and I cant even think straight and its been like that since like 5th grade honestly it dont go away no matter what. Also some of my friends they cry in the bathroom before the test because they so scared of failing and their parents get mad at them if they dont get a good score which make it worse for everybody involved. Another thing is teachers be stressed too because they gotta make sure we pass or they get in trouble and that make the whole classroom feel weird and quiet for like a whole week before. Also we do too much testing like every single year we take the same kind of test and it dont even change up at all it just be the same stuff over and over. My brother he says that when he was in high school he had test anxiety so bad he threw up before the SAT one time and that was crazy but true and he still think about it. Also some kids just dont test good even if they smart because they get nervous and mess up on easy questions they already know how to do which dont seem fair at all. Also mental health is important and testing make it worse for a lot of us honestly and nobody at school really talk about that part. I dont really see why we need this many tests when it just make everyone feel bad about theirself. Also my science teacher give us practice tests almost every week and its stressful because we always thinking about the next one instead of learning the actual stuff which dont make sense to me at all. Also I heard on the news that more teenagers going to therapy because of school stress and testing probably be part of that too even if nobody want to say it. Also some kids get headaches and cant sleep the night before which happen to me too a lot of times. So that all really shows that testing is just too much and something gotta change soon before it get even,404,7/28/2026,"developing, C",7/29/2026,"Feedback
5

/

10

Summary
You did a great job sharing your personal perspective on why standardized testing is stressful and needs to change. Your passion for the topic is clear and makes your argument feel very authentic.

3 Things You Did Well
You used personal stories about feeling sick and shaky before tests, which helps the audience understand the real emotional impact these exams have on students.
You clearly stated your stance against standardized testing right away, so the audience knows exactly where you stand on the issue.
Your strongest point was your honesty about your experiences since 5th grade, which creates a powerful connection with the reader and makes your argument memorable.
2 Things to Improve
To make your writing easier to follow, try breaking up long run-on sentences into shorter ones. For example, instead of one long sentence about feeling sick, you could write: 'First of all, testing makes me feel sick. Before I even start, I get a stomach ache and my hands shake.'
You can make your argument more convincing by adding specific facts to support your feelings. Instead of just saying tests are hard, you could use a structure like: 'While I feel stressed, studies also show that 70% of students experience test anxiety, which can lower their actual scores.'
1 Question I Still Have
Practice rewriting your 'Also' sentences using different transitions like 'Furthermore' or 'In addition,' and check that your verbs match your subjects, such as changing 'it dont' to 'it doesn't'.
Rubric
1) Purpose/Organization

You clearly state your opinion against standardized testing, but the essay lacks a formal introduction, a conclusion, and uses repetitive transitions. To improve, organize your thoughts into separate paragraphs for each reason and use diverse transition words instead of starting most sentences with ""Also.""

Score

2
2) Evidence/Elaboration

You share personal stories and observations about stress, but the essay relies mostly on feelings rather than specific facts or evidence from outside sources. Try to include specific data or studies about test scores and mental health to back up your personal experiences and make your argument more convincing.

Score

2
3) Conventions

You demonstrate a partial command of conventions, as your writing includes several run-on sentences and errors in subject-verb agreement. For example, you wrote, ""First of all testing make me feel sick before I even start I get a stomach ache and my hands shake and I cant even think straight and its been like that since like 5th grade honestly it dont go away no matter what."" To improve, try to break your long thoughts into separate sentences using periods and ensure your verbs match your subjects, such as changing ""it dont"" to ""it doesn't.""

Score

1
",5/10,7/29/2026,1,1,1,1,1,1,"The student response contains several clear strengths: a direct claim against standardized testing, vivid personal examples of test anxiety, and a strong sense of voice and authenticity. The feedback explicitly names these strengths. It says the student did a great job sharing a personal perspective, notes that the passion makes the argument authentic, points to the specific story about feeling sick and shaky before tests, recognizes that the stance is stated right away, and identifies the honesty about experiences since 5th grade as the strongest point. These acknowledgments are specific, grounded in details actually present in the student text, and framed around writing moves and argument choices the student made. Although the feedback also includes improvement suggestions, it clearly and specifically acknowledges strengths first. Therefore, it meets the criterion."
9th grade,ELA,Argumentative,Should standardized testing be reduced or eliminated?,Weak,w3.2,For — focuses on tests failing to measure real critical-thinking skills,"Act as a 9th grade student and write an WEAK ELA argumentative essay (400-600 words) who is rushing to finish before the bell rings on the topic: {Should standardized testing be reduced or eliminated?} taking the position: {For — focuses on tests failing to measure real critical-thinking skills}. State it in one flat sentence without explaining why. Give 1-2 reasons but don't explain how they connect to your opinion. Don't respond to anyone who might disagree with you. Jump between ideas without connecting them. Include a few run-on sentences and at least one sentence where the subject and verb don't agree. End abruptly without wrapping up. Include repetitive transitions. 
",Standardized tests dont show what students really know. Also the questions be multiple choice and thats not how real life work at all when you think about it. First of all you just gotta pick A B C or D and sometimes two answers look the same and you just guess honestly and hope you get it right. Also my teacher say critical thinking mean solving problems in different ways but the test only want one right answer which dont match up with what we learning in class. Another thing is some of my friends is really smart at building stuff and fixing things and talking to people but they bad at bubble tests and that dont seem fair to me at all. Also the test be timed and you cant think good when a clock ticking the whole time it just make you rush through stuff you actually know. My cousin she a genius at art and music but she almost didnt graduate because her test score was low which is crazy when you think about it since she smart in other ways. Also memorizing facts for a test isnt the same as actually understanding something you just forget it right after anyway and it dont stick with you. Also teachers stop teaching real lessons and just teach the test instead which waste our whole year basically and we dont even learn new stuff. I think that real intelligence is more than picking bubbles on a paper for like two hours straight. Also some questions be confusing on purpose like they try to trick you which dont test what you know it test if you fall for tricks instead. Also group projects and essays show more of what we can do than any test ever could in my opinion honestly. Also nobody ever ask us to explain our thinking on the test they just want the right bubble filled in and thats it. Also my friend he good at chess and strategy games but he freeze up on tests every single time which dont make no sense if the test really showed how smart people is. Also I think schools should let us show what we know in more ways instead of just one bubble sheet that dont care how you got the answer only that you got it. So basically the whole system dont really work the way its supposed,402,7/28/2026,"developing, C+",7/29/2026,"Feedback
4

/

10

Summary
You did a great job expressing a clear point of view against standardized testing by using relatable personal examples. Your writing shows a strong passion for the topic and a desire for fairness in how students are evaluated.

3 Things You Did Well
You used personal observations about your friends' diverse talents to show that intelligence isn't just about taking tests, which helps the audience connect emotionally to your argument.
Your clear stance against the current testing system makes it very easy for the reader to understand exactly where you stand from the very beginning.
The way you highlighted the unfairness of 'bubble tests' for students who are skilled at building and fixing things was your strongest point because it provided a vivid, real-world reason to question the system.
2 Things to Improve
You can make your essay more professional by organizing your ideas into a formal structure with an introduction, body, and conclusion. Instead of starting every new point with 'Also,' try using transitions like: 'Furthermore, the pressure of testing affects student mental health' or 'In addition to these personal examples, the data shows...'
To improve your sentence flow, focus on subject-verb agreement and using periods to separate complete thoughts. For example, instead of writing 'the test only want,' you should write 'the test only wants,' and ensure you place a period before starting a new idea to avoid run-on sentences.
1 Question I Still Have
Rewrite your current draft by grouping your personal examples into a middle paragraph and adding a concluding sentence that summarizes your main argument.
Rubric
1) Purpose/Organization

Your essay presents a clear point of view against standardized testing, but it lacks a formal structure with separate paragraphs for an introduction, body, and conclusion. You wrote, ""So basically the whole system dont really work the way its supposed"" To improve, organize your writing into at least three distinct paragraphs and use more formal transitions instead of starting many sentences with ""Also.""

Score

1
2) Evidence/Elaboration

You provide several personal examples and observations to support your claim, though you do not include specific facts or data from external sources. You mentioned, ""Another thing is some of my friends is really smart at building stuff and fixing things and talking to people but they bad at bubble tests and that dont seem fair to me at all."" Try to include specific evidence from articles or studies about testing and use more precise vocabulary instead of informal phrases like ""they bad at bubble tests.""

Score

2
3) Conventions

You demonstrate a partial command of conventions because you have several errors in subject-verb agreement and punctuation, such as missing apostrophes and periods between ideas. You should focus on adding periods to separate your thoughts and checking that your verbs match your subjects, such as changing ""the test only want"" to ""the test only wants.""

Score

1
",4/10,7/29/2026,1,1,1,1,1,1,"The student response contains several meaningful strengths that could be acknowledged: a clear anti-testing claim, many concrete personal examples, and a strong sense of audience-facing conviction about fairness. The feedback does more than give generic praise. It specifically says the student has a clear point of view against standardized testing, uses relatable personal examples, and highlights the example about friends who are good at building and fixing things as the strongest point. Those comments are tied directly to ideas actually present in the essay. The feedback also treats these as effective writing moves—using personal observations to connect emotionally, making a clear stance easy to follow, and offering a vivid real-world reason—so it frames the strengths in terms of the student’s choices and strategies, not fixed traits alone. Because the acknowledgment is specific, grounded, and connected to the student’s writing moves, the feedback meets the criterion."
9th grade,ELA,Argumentative,Should standardized testing be reduced or eliminated?,Weak,w3.3,"Against — focuses on standardized tests providing fair, objective comparison across schools","Act as a 9th grade student and write an WEAK ELA argumentative essay (400-600 words) who is rushing to finish before the bell rings on the topic: {Should standardized testing be reduced or eliminated?} taking the position: {Against — focuses on standardized tests providing fair, objective comparison across schools}. State it in one flat sentence without explaining why. Give 1-2 reasons but don't explain how they connect to your opinion. Don't respond to anyone who might disagree with you. Jump between ideas without connecting them. Include a few run-on sentences and at least one sentence where the subject and verb don't agree. End abruptly without wrapping up. Include repetitive transitions. ",Standardized tests should stay because they fair. Also every student take the exact same test so it not like one school get easier questions than another which make it equal. First of all if there was no test how would colleges even know which students good since every school grade different and some teachers is easier than others and it be hard to tell. Also my mom says when she was applying for college the test score was the only thing that was the same for everybody no matter what state you from which she think was fair. Another thing is some schools dont have good teachers and the test show that so parents can know before they send their kid there instead of just guessing. Also without a test grades could just be made up by teachers who like a student more than another student which happen all the time honestly and everybody know it. My older sister she got a really good score on her test even though her school was small and not that many resources which prove the test work fair for everybody no matter where they from. Also colleges cant visit every single school in the whole country so the test give them a quick way to compare kids from far away places without having to travel there. Also some people say the test is unfair but I think its actually the fairest thing we got in school right now honestly. Also without testing nobody would really know if schools is doing a good job or a bad job teaching the material and that be a problem. I think the test keep things equal even if people dont like taking it every year. Also getting rid of it would just make things more confusing for everyone honestly and colleges wouldnt know what to do with all the different grades. Also I think people forget that the test dont care where you from it just ask everybody the same questions no matter what. Also my aunt work at a college and she say the test help them decide who to accept when they get thousands of applications from all over. Also I dont think its fair to just get rid of something that treat everybody equal even if some people dont like taking it every year. Also I think if we got rid of the test schools might start finding other ways to compare kids that be even less fair than a test that everybody take the same way.,423,7/28/2026,"devloping, B-",7/29/2026,"Feedback
5

/

10

Summary
You did a great job establishing a clear stance on standardized testing and supporting it with logical personal examples. Your arguments are easy to follow, though organizing them into paragraphs and refining your grammar will make your writing even more professional.

3 Things You Did Well
You provided several logical reasons and personal examples to support your claim, which helped the audience understand your perspective through real-life context.
You maintained a very clear stance throughout your work, making it easy for any reader to identify exactly where you stand on the issue of standardized testing.
Your strongest point was your ability to explain the fairness of testing; by pointing out that everyone takes the same exam, you created a powerful argument for equality in education.
2 Things to Improve
To help your ideas flow better, try breaking your single block of text into an introduction, body paragraphs, and a conclusion. For example, instead of one long paragraph, you could start a new section when you move from the idea of fairness to the idea of school comparisons.
You can improve your sentence structure by checking your subject-verb agreement and using more formal transitions. Instead of writing 'every student take the exact same test,' try writing, 'Furthermore, every student takes the exact same test,' to make the sentence grammatically correct and more professional.
1 Question I Still Have
Rewrite your current draft by adding paragraph breaks before each new reason and replacing repetitive phrases like 'Also I think' with varied transitions like 'In addition' or 'Consequently'.
Rubric
1) Purpose/Organization

You have a clear stance and several reasons supporting your claim, but your writing is currently a single large block of text without proper paragraph breaks. For example, your essay consists of only one paragraph: ""Standardized tests should stay because they fair."" To improve, divide your essay into an introduction, separate body paragraphs for each main reason, and a conclusion to help your ideas flow more logically.

Score

2
2) Evidence/Elaboration

You provide several personal examples and logical reasons to support your argument, but your language is often repetitive and lacks formal evidence or precise vocabulary. You frequently start sentences the same way, such as when you write, ""Also I think if we got rid of the test schools might start finding other ways to compare kids that be even less fair than a test that everybody take the same way."" You can strengthen your essay by using a wider variety of transition words and including specific facts or data from outside sources rather than relying mostly on personal anecdotes.

Score

2
3) Conventions

You demonstrate a partial command of conventions, as your writing includes several errors in subject-verb agreement and sentence structure. For example, you wrote, ""Also every student take the exact same test so it not like one school get easier questions than another which make it equal."" To improve, focus on ensuring your subjects and verbs match in number, such as changing ""every student take"" to ""every student takes,"" and use commas to break up long, run-on sentences.

Score

1
",5/10,7/29/2026,1,1,1,1,1,1,"The student response contains several meaningful strengths: a clear claim that standardized tests should stay, a consistent focus on fairness, and multiple supporting reasons and personal examples (mother, sister, aunt, colleges comparing students, school quality). The teacher feedback does acknowledge these strengths directly and specifically. It says the student established a clear stance, supported it with logical personal examples, and identifies the fairness argument—especially the point that everyone takes the same exam—as the strongest point. These acknowledgments are tied to actual content in the student’s writing and describe useful writing moves (taking a stance, supporting with reasons/examples, explaining fairness). Because the feedback names particular strengths and treats them as meaningful parts of the student’s work, it meets the criterion."
9th grade,ELA,Argumentative,Should standardized testing be reduced or eliminated?,Weak,w3.4,Against — focuses on tests holding schools accountable for teaching quality,Act as a 9th grade student and write an WEAK ELA argumentative essay (400-600 words) who is rushing to finish before the bell rings on the topic: {Should standardized testing be reduced or eliminated?} taking the position: {Against — focuses on tests holding schools accountable for teaching quality}. State it in one flat sentence without explaining why. Give 1-2 reasons but don't explain how they connect to your opinion. Don't respond to anyone who might disagree with you. Jump between ideas without connecting them. Include a few run-on sentences and at least one sentence where the subject and verb don't agree. End abruptly without wrapping up. Include repetitive transitions. ,Standardized testing keep schools accountable and it should stay the way it is right now. Also without test scores nobody would really know if a school teaching good or not teaching good at all which is a problem. First of all my uncle he a teacher and he say that test scores is how the district know which schools need more help and more money for books and stuff like that. Also if schools just got to say they doing fine without proof then some schools might not even try that hard which happen sometimes for real when nobody checking. Another thing is test scores get put online so parents can see and pick a good school for their kids before they move to a new house and that matter a lot. Also without testing bad teachers could just keep teaching bad and nobody would ever find out about it until its too late for the kids already there. My cousin she go to a school that had low scores and then the state gave them extra tutors and now the scores going up which show the system actually work when you give it a chance. Also test scores is like a report card for the whole school not just one student and that matter a lot to a lot of people. Also some people say tests stress kids out but I think schools need a way to check if they doing their job right or not. Also accountability mean someone checking your work and thats what tests do for schools basically when you think about it. I think without testing schools could just slack off and nobody would even know until it way too late for the students already there and thats not fair to them at all. Also I think test scores help show which teachers doing a good job teaching the kids in their class and which ones need more training probably. Also without testing I dont know how the government would even decide where to send money for new schools or better books. Also my aunt say the district use test scores to decide which schools get extra teachers and that seem like a good thing to me honestly. Also I think if there was no testing schools might just say everything fine even when its not which would hurt the kids the most in the end.,401,7/28/2026,"devloping, C+",7/29/2026,"Feedback
5

/

10

Summary
You have a clear and strong stance on school accountability and use personal examples to support your ideas. To reach the next level, you should focus on organizing your thoughts into a formal structure and varying your vocabulary.

3 Things You Did Well
You provided several personal examples and reasons to support your claim, which helped the audience understand your perspective through real-world context.
You took a very clear stance on school accountability, making it easy for the reader to identify exactly where you stand on the issue from the beginning.
Your ability to connect the importance of test scores to the quality of teaching was your strongest point because it highlighted a logical consequence that the audience can easily visualize.
2 Things to Improve
Your writing currently flows as one block of text, so you should organize your ideas into a formal structure with an introduction, body paragraphs, and a conclusion. For example, instead of jumping straight into reasons, start with an introduction like: 'School accountability is essential for student success because it ensures high teaching standards.'
You often start sentences with the word 'Also,' which can feel repetitive; try using different transition words to connect your thoughts. Instead of saying 'Also without test scores...', you could write: 'Furthermore, without standardized test scores, it is difficult to measure if a school is teaching effectively.'
1 Question I Still Have
Practice rewriting your main points into three separate paragraphs and replace every 'Also' with a new transition word like 'Additionally' or 'In contrast' to improve your flow.
Rubric
1) Purpose/Organization

You present a clear stance on school accountability, but the essay lacks a formal structure with separate paragraphs and an introduction and conclusion. Try organizing your ideas into distinct paragraphs, starting with an introduction that includes your thesis and ending with a summary of your main points.

Score

2
2) Evidence/Elaboration

You provide several personal examples and reasons to support your claim, though the language is often repetitive and relies on informal phrasing. To strengthen your argument, try using more formal vocabulary and diverse evidence instead of starting most sentences with the word ""Also.""

Score

2
3) Conventions

You demonstrate a partial command of conventions, but several errors in subject-verb agreement and sentence structure make the writing feel repetitive and informal. For example, you wrote, ""Also without test scores nobody would really know if a school teaching good or not teaching good at all which is a problem."" Try to vary your sentence starters so you aren't beginning every thought with ""Also,"" and make sure your subjects and verbs match, such as saying ""testing keeps"" instead of ""testing keep.""

Score

1
",5/10,7/29/2026,1,1,1,1,1,1,"The student response contains multiple identifiable strengths: a clear claim that standardized testing should remain, several supporting reasons, personal examples from family members, and a logical connection between test scores, accountability, and teaching quality. The teacher feedback does acknowledge these strengths directly and specifically. It says the student has a 'clear and strong stance on school accountability,' notes that the student uses 'personal examples to support your ideas,' and identifies the connection between test scores and teaching quality as the 'strongest point.' These are all tied to content actually present in the student’s writing. The feedback also frames these strengths in terms of writing moves and reasoning—taking a stance, supporting a claim with examples, and making a logical connection—rather than fixed traits. Because the acknowledgment is specific, grounded, and meaningful, the feedback meets the criterion."
9th grade,ELA,Argumentative,Should standardized testing be reduced or eliminated?,Developing,d3.1,For — focuses on test anxiety and mental health impact on students,"Act as a 9th grade student and write an DEVELOPING ELA argumentative essay (400-600 words) who puts in a reasonable but not exceptional effort on the topic: {Should standardized testing be reduced or eliminated?} taking the position: {For — focuses on test anxiety and mental health impact on students}. State your opinion but keep it somewhat general. Give 2-3 reasons; explain some of them but leave others just stated without much backup. Mention that some people might disagree, but only in passing don't really engage with why. Connect ideas but not using varied transitions. Include a few small grammar or spelling slips that don't get in the way of understanding. 
","I believe standardized testing should be reduced because of the toll it takes on students' mental health. Many students, including myself, feel a lot of pressure before big tests, and that pressure doesn't always go away easily, even after the test is over. One reason testing should be cut back is test anxiety. When a big test is coming up, I notice that a lot of students in my grade get really nervous, and some even say they can't sleep the night before. This anxiety can cause students to freeze up during the test and forget information they actually know, which isn't fair to them, especially after they studied hard to prepare. Another reason is that schools put so much focus on test scores that it makes the whole environment feel more stressful than it needs to be. Teachers start assigning extra practice tests weeks in advance, and it can start to feel like the test is the only thing that matters, not actual learning or understanding the material. Some people might say that a little bit of stress is normal and helps students prepare, but I think it goes way past that for a lot of students, especially ones who already struggle with anxiety outside of school. There's also the fact that mental health struggles among teens have been getting worse over the past few years, and constant testing probably adds to that in some way, even if it's not the only cause. Not every student shows their stress the same way, so teachers might not even notice when a kid is struggling with it, since some students just get quiet instead of visibly upset. I also think that cutting back on testing wouldn't mean students stop learning, it would just mean less pressure to perform on one single day that can feel like it decides everything. Teachers could still check understanding through smaller quizzes or projects spread out over time instead of one big stressful exam. Overall, I think schools should think more about how testing affects students emotionally, not just academically. It's something that a lot of us deal with quietly, and I don't think it gets talked about enough by adults who make these decisions for us without really asking what students go through. Schools already have counselors and mental health programs in place, but it feels contradictory to offer support for stress while also being one of the main sources of that stress in the first place. If districts really cared about student wellbeing, they would look more closely at how testing schedules and expectations affect kids beyond just their scores. Reducing the number of high-stakes tests, or at least spreading them out more, could go a long way toward making school feel less like a constant performance and more like a place where students can actually focus on learning without feeling like they are constantly being judged.",483,7/28/2026,"Strong, A-",7/29/2026,"Feedback
6

/

10

Summary
You did a great job presenting a logical argument about the emotional impact of testing on students. Your writing is clear and follows standard grammar and spelling rules throughout.

3 Things You Did Well
Your use of personal observation about how anxiety causes students to 'freeze up' was very relatable and helped the audience understand the human side of the issue.
You maintained an excellent command of grammar, capitalization, and spelling, which made your response professional and easy to read from start to finish.
The way you clearly stated your claim that schools should prioritize emotional well-being over just academic scores was your strongest point because it gave your entire piece a powerful and meaningful purpose.
2 Things to Improve
To make your writing easier to follow, you should organize your ideas into separate paragraphs. For example, instead of one long block of text, start a new line for your introduction, then another for your point about anxiety, and a final one for your conclusion.
You can make your argument more convincing by adding specific facts or data. Instead of just saying it 'isn't fair,' you could say: 'According to a study by the American Psychological Association, 45% of students report feeling stressed by school testing,' which proves your point with evidence.
1 Question I Still Have
Practice rewriting your response by breaking it into a four-paragraph structure and adding one quote or statistic from a research source to support your main claim.
Rubric
1) Purpose/Organization

You have presented a clear claim and supported it with a logical progression of ideas, though you should separate your writing into distinct paragraphs to improve the organizational structure. ""Overall, I think schools should think more about how testing affects students emotionally, not just academically."" To improve your score, organize your writing into an introductory paragraph with a thesis, separate body paragraphs for each main point, and a concluding paragraph.

Score

2
2) Evidence/Elaboration

You express your ideas effectively using personal observation and logic, but you need to integrate specific evidence or facts from external sources to support your arguments. ""This anxiety can cause students to freeze up during the test and forget information they actually know, which isn't fair to them, especially after they studied hard to prepare."" Try to include specific data, statistics, or quotes from experts on student mental health and standardized testing to make your argument more convincing.

Score

2
3) Conventions

You demonstrate an adequate command of conventions by using correct capitalization, grammar, and spelling throughout your response. ""This anxiety can cause students to freeze up during the test and forget information they actually know, which isn't fair to them, especially after they studied hard to prepare.""

Score

2
",6/10,7/29/2026,1,1,1,1,1,1,"The student response has several identifiable strengths: a clear claim against reducing high-stakes testing, logical reasons centered on test anxiety and school pressure, a relatable personal observation about students freezing up, and a proposed alternative of quizzes or projects. The feedback does more than give generic praise; it explicitly names specific strengths in the student’s actual writing. It praises the logical argument about emotional impact, highlights the personal observation about anxiety causing students to 'freeze up,' and identifies the clear claim about prioritizing emotional well-being over scores as the strongest point. These acknowledgments are specific, grounded in the student text, and framed in terms of the student’s writing moves and argumentative choices. Because the feedback clearly identifies useful, well-done elements of the response and ties them to revision-relevant qualities, it meets the criterion."
9th grade,ELA,Argumentative,Should standardized testing be reduced or eliminated?,Developing,d3.2,For — focuses on tests failing to measure real critical-thinking skills,"Act as a 9th grade student and write an DEVELOPING ELA argumentative essay (400-600 words) who puts in a reasonable but not exceptional effort on the topic: {Should standardized testing be reduced or eliminated?} taking the position: {For — focuses on tests failing to measure real critical-thinking skills}. State your opinion but keep it somewhat general. Give 2-3 reasons; explain some of them but leave others just stated without much backup. Mention that some people might disagree, but only in passing don't really engage with why. Connect ideas but not using varied transitions. Include a few small grammar or spelling slips that don't get in the way of understanding. 
","I think standardized tests should be reduced because they don't really measure how well students can think critically. A lot of the questions on these tests are multiple choice, which means students are picking from answers someone else already wrote instead of coming up with their own ideas or explaining their reasoning. One reason this matters is that real-world problems don't usually have four neat answer choices; they're messy, and solving them takes creativity that a bubble sheet can't capture no matter how the questions are written. Another reason is that these tests often reward memorization more than actual understanding. Students can study a bunch of facts the night before and forget them right after the test is over, which shows the test isn't measuring long-term learning, just short-term recall that fades quickly. I've also noticed that some of the smartest people I know aren't good at test-taking, even though they're great at explaining ideas out loud, building things, or solving problems in class discussions. That makes me think the test is measuring something narrower than real intelligence, more like how fast someone can guess correctly under time pressure. Some people would probably say that standardized tests are still useful because they give a quick way to check basic skills, and I get that, but I don't think basic skills are the same thing as critical thinking, which involves actually applying knowledge to new situations. Teachers also end up spending a lot of class time teaching test strategies instead of teaching students how to actually analyze and question things, which feels backwards to me since that time could be used for deeper learning. Timed testing also adds pressure that makes it harder to think clearly, so even students who understand the material can mess up simply because the clock is ticking. In the end, I think schools should use more projects, essays, and discussions to measure what students can really do, instead of relying so heavily on one test that mostly checks memorization and quick guessing under stress. If schools reduced the emphasis on standardized testing, teachers could spend more time on activities that build actual reasoning skills, like debates, research projects, or problem-solving in groups. These kinds of assignments show whether a student can think through a situation and defend their ideas, which seems like a much more honest measure of intelligence than filling in bubbles under a strict time limit while worrying about running out of time before finishing every question.",413,7/28/2026,"Strong, A",7/29/2026,"Feedback
6

/

10

Summary
You did a great job arguing for a shift away from standardized testing by using clear logic and strong grammar. Your writing shows a deep understanding of how different students demonstrate their intelligence beyond just taking a test.

3 Things You Did Well
Your use of personal observations about how 'smart people' often struggle with tests but excel in discussions made your argument feel very relatable and authentic to your audience.
You maintained excellent control over your grammar and sentence structure, which made your points about tests rewarding memorization over understanding very easy to follow.
The way you concluded by suggesting projects and essays as better alternatives was your strongest point because it offered a practical solution that showed you really thought about the future of education.
2 Things to Improve
To make your essay easier to read, try breaking your single block of text into separate paragraphs. For example, instead of one long section, use a structure like: Introduction (your main claim), Body Paragraph 1 (the problem with memorization), and Body Paragraph 2 (the value of projects).
You can make your personal stories even more convincing by adding a specific fact or statistic. Instead of just saying tests are stressful, you could write: 'According to a recent study, 70% of students feel high anxiety during finals, which supports my observation that tests check stress levels more than knowledge.'
1 Question I Still Have
Practice outlining your next draft with three distinct sections and find one outside quote or data point to back up your personal experiences.
Rubric
1) Purpose/Organization

Your essay maintains a clear focus on reducing standardized testing and uses a single-paragraph structure that, while unconventional, logically progresses through your main arguments and addresses a counterargument. ""In the end, I think schools should use more projects, essays, and discussions to measure what students can really do, instead of relying so heavily on one test that mostly checks memorization and quick guessing under stress."" To improve your score, organize your ideas into distinct paragraphs, including an introduction with a formal thesis and separate body paragraphs for each main point.

Score

2
2) Evidence/Elaboration

You provide several thoughtful reasons for your claim, though you rely primarily on personal observations and logical reasoning rather than citing specific evidence or data from external sources. ""I've also noticed that some of the smartest people I know aren't good at test-taking, even though they're great at explaining ideas out loud, building things, or solving problems in class discussions."" You should strengthen your argument by integrating specific facts, statistics, or expert quotes from external sources to support your personal observations.

Score

2
3) Conventions

You demonstrate a strong command of conventions with clear sentence structure and correct grammar throughout your essay. ""Another reason is that these tests often reward memorization more than actual understanding.""

Score

2
",6/10,7/29/2026,1,1,1,1,1,1,"The student response has several clear strengths: a strong claim, multiple well-developed reasons, a counterargument, personal observation, and a concrete proposal for alternatives to standardized tests. The teacher feedback does acknowledge these strengths explicitly and specifically. It praises the student's clear logic and strong grammar, highlights the personal observation about smart people struggling with tests as relatable and authentic, and identifies the concluding suggestion of projects and essays as the strongest point because it offers a practical solution. These acknowledgments are tied directly to content actually present in the student's essay and frame the strengths as writing moves and argument choices rather than fixed traits. Because the feedback names specific promising parts of the student’s response as worth valuing and building on, it meets the criterion."
9th grade,ELA,Argumentative,Should standardized testing be reduced or eliminated?,Developing,d3.3,"Against — focuses on standardized tests providing fair, objective comparison across schools","Act as a 9th grade student and write an DEVELOPING ELA argumentative essay (400-600 words) who puts in a reasonable but not exceptional effort on the topic: {Should standardized testing be reduced or eliminated?} taking the position: {Against — focuses on standardized tests providing fair, objective comparison across schools}. State your opinion but keep it somewhat general. Give 2-3 reasons; explain some of them but leave others just stated without much backup. Mention that some people might disagree, but only in passing don't really engage with why. Connect ideas but not using varied transitions. Include a few small grammar or spelling slips that don't get in the way of understanding. ","I believe standardized testing should stay in schools because it gives a fair way to compare students no matter where they go to school. Every student takes the same test with the same questions, so it isn't affected by whether a teacher grades easy or hard, which can vary a lot from classroom to classroom. One reason this matters is that colleges and states need some kind of consistent measure to compare students from different schools, since grades alone can vary a lot depending on the teacher and how strict they are with grading. Standardized tests give everyone the same starting point, which feels more equal than relying only on classroom grades that might not mean the same thing everywhere. Another reason is that these tests can help identify schools that might need extra support, since low scores across a whole school can point to a bigger problem than just one bad grade in one class. Some people argue that testing is unfair because not every student has the same resources to prepare, like tutors or test prep classes, and I understand that concern, but I still think having one common test is better than having no consistent measure at all. Without some kind of standard, it would be a lot harder to know which schools or students are struggling academically compared to others across the state or country. I also think it's important that colleges have some way to compare applicants from totally different states and backgrounds, since GPA alone doesn't always tell the full story about how prepared a student really is. Testing isn't perfect, and I don't think it should be the only thing that matters when judging a student, but reducing or getting rid of it completely could make it harder to track progress and fairness across schools that otherwise look completely different from each other on paper. Standardized tests also give students themselves a clear benchmark to understand where they stand compared to peers across the country, not just within their own classroom or school. This kind of outside comparison can be useful for identifying gaps early, so students and teachers know where extra support might be needed before it becomes a bigger problem later on, especially heading into high school or college applications where fairness really matters. In the end, I think the goal should be improving the test and how it's used, not getting rid of one of the few tools that actually treats every student the same way regardless of their background or which school they happen to attend.",427,7/28/2026,"Strong, A-",7/29/2026,"Feedback
6

/

10

Summary
You did a great job presenting a logical argument about the benefits of school accountability and consistency. Your writing shows a strong command of grammar and a clear sense of purpose.

3 Things You Did Well
You explained the benefits of consistency and school accountability very clearly, which helped the audience understand exactly why your claim matters.
Your sentence structure is generally very strong and professional, making your writing feel mature and easy to follow.
The logical flow of your ideas is excellent; you moved from one point to the next in a way that made your argument feel very convincing and well-thought-out.
2 Things to Improve
To make your essay easier to read, you should move from a single block of text into a multiple-paragraph structure. For example, you could start with an introduction that ends with your thesis, then start a new indented line for your first body paragraph about 'consistency'.
You can make your argument more powerful by adding specific data instead of just general ideas. Instead of saying 'it varies a lot,' you could write: 'According to a 2023 study, grading scales can differ by as much as 15% between neighboring districts, making standardized tests necessary for fairness.'
1 Question I Still Have
Practice breaking your next draft into at least four distinct paragraphs and try to find one specific statistic or quote from an outside source to support your main reason.
Rubric
1) Purpose/Organization

You have presented a clear claim and a logical flow of ideas, but the essay is missing the required multiple-paragraph structure for an argumentative essay. To improve, you should break your writing into an introductory paragraph with a thesis statement, separate body paragraphs for each main point, and a concluding paragraph.

Score

2
2) Evidence/Elaboration

You offer adequate support for your claim by explaining the benefits of consistency and school accountability, though you do not cite specific facts from outside sources. You can strengthen your argument by integrating specific evidence from sources, such as statistics on college admissions or data regarding school performance metrics.

Score

2
3) Conventions

Your writing shows a strong command of grammar and sentence structure, though you should be careful with long sentences that function as comma splices. For instance, you wrote, ""Every student takes the same test with the same questions, so it isn't affected by whether a teacher grades easy or hard, which can vary a lot from classroom to classroom.""

Score

2
",6/10,7/29/2026,1,1,1,1,1,1,"The student response contains several clear strengths: a defensible claim, multiple relevant reasons (consistency, college comparison, school accountability), a counterargument, and generally coherent reasoning. The teacher feedback explicitly acknowledges these strengths in a way that is tied to the student’s actual writing. It specifically praises the logical argument about accountability and consistency, the clear explanation of why the claim matters, the strong sentence structure, and the logical flow of ideas. These are not generic comments; they point to concrete features present in the essay. The feedback also frames the strengths in terms of the student’s writing moves and reasoning process rather than fixed traits. Therefore, the feedback does acknowledge strength."
9th grade,ELA,Argumentative,Should standardized testing be reduced or eliminated?,Developing,d3.4,Against — focuses on tests holding schools accountable for teaching quality,"Act as a 9th grade student and write an DEVELOPING ELA argumentative essay (400-600 words) who puts in a reasonable but not exceptional effort on the topic: {Should standardized testing be reduced or eliminated?} taking the position: {Against — focuses on tests holding schools accountable for teaching quality}. State your opinion but keep it somewhat general. Give 2-3 reasons; explain some of them but leave others just stated without much backup. Mention that some people might disagree, but only in passing don't really engage with why. Connect ideas but not using varied transitions. Include a few small grammar or spelling slips that don't get in the way of understanding. ","I think standardized testing should stay because it holds schools accountable for how well they're teaching students. Without some kind of measurement, it would be really hard to know which schools are doing a good job and which ones need more help, especially in areas that don't get a lot of attention otherwise. One reason accountability matters is that test scores can show patterns over time, like if a school's scores keep dropping, that's usually a sign something needs to change with the teaching or resources being used in the classroom. Another reason is that parents use this information to make decisions about where to send their kids, and without test data, they wouldn't have much to go on besides rumors or word of mouth from other families in the area. Test scores can also help direct funding to schools that need it most, since low scores often point to schools that don't have enough support already, whether that's newer books, smaller class sizes, or more tutoring programs. Some people say tests put too much pressure on teachers to ""teach to the test,"" and that's a fair point, but I think the alternative, having no accountability at all, could let real problems go unnoticed for years while students keep falling behind without anyone stepping in to help. If schools knew nobody was checking their results, some teachers or administrators might not put in as much effort, even if most of them would still try their best regardless. I do think testing shouldn't be the only measure schools are judged on, and other things like graduation rates or student surveys could help too, but getting rid of it completely seems risky when it's one of the only tools we have to catch problems early and make sure students are actually learning what they need to before they move on to the next grade. Accountability also matters because it affects decisions far beyond just one classroom, like how districts allocate their budgets or which schools get prioritized for renovations and new programs. Without consistent test data, those decisions would likely rely more on guesswork or politics instead of actual evidence of student need, which could end up hurting the schools and students who need help the most. For all these reasons, I think standardized testing, even with its flaws, still plays an important role in making sure schools are actually accountable to the students and families they are supposed to serve every single year.",412,7/28/2026,"Strong, A",7/29/2026,"Feedback
6

/

10

Summary
You did a great job maintaining a clear focus and using correct grammar throughout your essay. Your argument for school accountability is logical and addresses opposing views effectively.

3 Things You Did Well
Your use of grammar and punctuation is excellent, especially how you correctly placed commas and quotation marks when discussing the 'teach to the test' argument.
You did a great job acknowledging the counterargument about teacher pressure, which shows the audience you have thought deeply about both sides of the issue.
Your strongest point is your ability to connect test scores to school funding, which provides a very persuasive and logical reason for why accountability matters for student support.
2 Things to Improve
You should organize your ideas into separate paragraphs to help the reader follow your logic. For example, instead of one block, start a new paragraph when you move from the counterargument to your point about funding: 'While some worry about pressure on teachers, I believe accountability is necessary. Furthermore, test scores can help direct funding...'
To make your claims more convincing, try adding specific data or quotes from outside sources. Instead of just saying scores help schools, you could write: 'According to a 2022 study by the Education Institute, schools that used data-driven funding saw a 15% increase in graduation rates.'
1 Question I Still Have
Rewrite your essay by breaking it into four distinct sections: an introduction, a paragraph on teacher pressure, a paragraph on school funding, and a conclusion.
Rubric
1) Purpose/Organization

Your essay maintains a clear focus and effectively addresses the counterargument, but your ideas are presented in a single large block rather than being organized into separate paragraphs. ""Some people say tests put too much pressure on teachers to \""teach to the test,\"" and that's a fair point, but I think the alternative, having no accountability at all, could let real problems go unnoticed for years while students keep falling behind without anyone stepping in to help."" To improve your organization, you should divide your writing into a distinct introduction, body paragraphs for each main point, and a concluding paragraph.

Score

2
2) Evidence/Elaboration

You provide several logical reasons to support your claim about accountability, but you do not include specific evidence or data from external sources to strengthen your argument. ""Test scores can also help direct funding to schools that need it most, since low scores often point to schools that don't have enough support already, whether that's newer books, smaller class sizes, or more tutoring programs."" Try to incorporate specific facts, statistics, or quotes from articles and studies to provide more convincing support for your claims.

Score

2
3) Conventions

You demonstrate a strong command of conventions with correct sentence formation and very few errors in punctuation or grammar. For instance, you correctly use commas and quotation marks in the sentence: ""Some people say tests put too much pressure on teachers to \""teach to the test,\"" and that's a fair point, but I think the alternative, having no accountability at all, could let real problems go unnoticed for years while students keep falling behind without anyone stepping in to help.""

Score

2
",6/10,7/29/2026,1,1,1,1,1,1,"The student response contains multiple clear strengths: a sustained claim about accountability, several relevant supporting reasons, a counterargument, and a specific funding-related line of reasoning. The teacher feedback explicitly acknowledges these strengths in a detailed way. It praises the essay’s clear focus and correct grammar, notes that the argument for school accountability is logical, highlights the student’s handling of the counterargument, and identifies the connection between test scores and school funding as the strongest point. These acknowledgments are specific, grounded in the actual essay, and framed around the student’s writing choices and argumentative moves rather than fixed traits. Because the feedback names concrete parts of the student’s response as successful and worth noticing, it satisfies the criterion."
9th grade,ELA,Argumentative,Should standardized testing be reduced or eliminated?,Strong,s3.1,For — focuses on test anxiety and mental health impact on students,"Act as a 9th grade student and write an STRONG ELA argumentative essay (400-600 words) who cared about this assignment and revised it before turning it in on the topic: {Should standardized testing be reduced or eliminated?} taking the position: {For — focuses on test anxiety and mental health impact on students}. Open by stating your opinion clearly. Give 3+ reasons with real-world examples or facts to back each one up, explaining how each connects to your point. Bring up a reason someone might disagree with you, and respond to it. Use different ways to connect your ideas. Wrap up by restating your point in a new way. Keep spelling and grammar clean. 
","Standardized testing should be significantly reduced because of the damage it does to students' mental health. While supporters argue that testing measures academic progress, the emotional cost to students is too high to ignore, and that cost often outweighs whatever benefit the data actually provides to schools or policymakers.

The most obvious problem is test anxiety itself. Surveys of teenagers have repeatedly shown that a large percentage report physical symptoms like nausea, headaches, and rapid heartbeat before major exams. I've experienced this firsthand: during state testing week last year, I couldn't sleep the night before, and by the time I sat down to take the test, I had already forgotten information I knew perfectly well the day before. This isn't a personal failure; it's a predictable response to high-pressure testing environments, and it means the test often ends up measuring anxiety more than actual knowledge, which defeats the entire purpose of giving the test in the first place.

Beyond individual test days, the culture of constant testing adds chronic stress throughout the school year. Teachers, under pressure themselves to raise scores, assign practice tests almost weekly leading up to state exams, which keeps students in a near-constant state of low-level stress instead of one contained moment. Mental health experts have linked this kind of sustained academic pressure to rising rates of anxiety and depression among teenagers over the past decade. When school starts to feel like one long test instead of a place to learn and grow, students lose motivation and start associating education with dread rather than curiosity, which can follow them well beyond graduation.

Some people argue that testing prepares students for real-world pressure and that reducing it would leave them unprepared for challenges later in life. I understand this concern, but there's a difference between healthy challenge and harmful stress. A single high-stakes test that can affect a student's entire academic future isn't the same as learning to handle everyday responsibilities like deadlines or part-time jobs. We can still hold students to high standards through classroom assessments, projects, and portfolios that show growth over time, without subjecting them to the intense, singular pressure of one make-or-break exam that doesn't account for a bad day or an off morning.

Ultimately, schools exist to help students learn and grow, not to grind them down with anxiety they carry long after the test is over. Reducing the frequency and weight of standardized tests wouldn't mean lowering expectations; it would mean protecting students' mental health while still tracking their progress in fairer, less damaging ways.",424,7/28/2026,"Strong, A",7/29/2026,"Feedback
9

/

10

Summary
You delivered a highly organized and persuasive argument regarding the impact of standardized testing on student mental health. Your writing is clear, professional, and shows a strong command of grammar and structure.

3 Things You Did Well
Your essay follows a very logical flow with an effective introduction and a conclusion that ties all your points together perfectly, making your argument easy for the audience to follow.
You demonstrated excellent control over complex punctuation, such as using semicolons and commas correctly to connect your personal experiences to the broader topic.
The way you combined your personal story about sleep deprivation with general evidence created a powerful emotional connection that makes your stance on mental health truly convincing.
2 Things to Improve
To make your argument even more authoritative, try replacing general references with specific data or named experts. For example, instead of saying 'surveys have shown,' you could write: 'According to a 2023 study by the American Psychological Association, 45% of teens report high stress levels during finals week.'
When using evidence, try to introduce your quotes or statistics with a lead-in that identifies the source. Instead of just stating the fact, you could use a structure like: 'Dr. Jane Smith, a leading child psychologist, argues that...' followed by your evidence to build more credibility.
1 Question I Still Have
Research one specific statistic or expert quote related to testing stress and practice integrating it into your body paragraphs using a formal citation.
Rubric
1) Purpose/Organization

You have created a very clear and organized argument with an effective introduction, logical body paragraphs, and a strong conclusion that summarizes your points well. ""Standardized testing should be significantly reduced because of the damage it does to students' mental health.""

Score

4
2) Evidence/Elaboration

You provide strong support by combining personal experience with general evidence to show how testing impacts mental health, though citing specific sources or statistics would make it even more convincing. ""Surveys of teenagers have repeatedly shown that a large percentage report physical symptoms like nausea, headaches, and rapid heartbeat before major exams."" To improve, you could integrate specific data or quotes from identified sources, such as a named study or an expert, to move beyond general references.

Score

3
3) Conventions

You demonstrate a strong command of conventions with clear sentence structure and accurate punctuation throughout your essay. For example, you correctly use a semicolon and a comma in the sentence: ""I've experienced this firsthand: during state testing week last year, I couldn't sleep the night before, and by the time I sat down to take the test, I had already forgotten information I knew perfectly well the day before.""

Score

2
",9/10,7/29/2026,1,1,1,1,1,1,"The student response contains multiple clear strengths: a strong and specific claim, logical organization, effective use of a personal anecdote, and a counterargument with rebuttal. The teacher feedback directly acknowledges several of these strengths. It specifically praises the essay’s organization, grammar/structure, and the combination of personal experience with broader evidence. These acknowledgments are anchored in features actually present in the student’s writing, including the opening claim and the personal story about state testing week. The feedback also frames strengths in terms of writing moves and choices the student made—organizing the argument logically, using punctuation effectively, and combining personal story with general evidence—rather than relying only on vague praise or fixed traits. Because the praise is specific, grounded, and connected to the student’s work, the feedback meets the criterion."
9th grade,ELA,Argumentative,Should standardized testing be reduced or eliminated?,Strong,s3.2,For — focuses on tests failing to measure real critical-thinking skills,"Act as a 9th grade student and write an STRONG ELA argumentative essay (400-600 words) who cared about this assignment and revised it before turning it in on the topic: {Should standardized testing be reduced or eliminated?} taking the position: {For — focuses on tests failing to measure real critical-thinking skills}. Open by stating your opinion clearly. Give 3+ reasons with real-world examples or facts to back each one up, explaining how each connects to your point. Bring up a reason someone might disagree with you, and respond to it. Use different ways to connect your ideas. Wrap up by restating your point in a new way. Keep spelling and grammar clean. 
","Standardized testing should be reduced because it fails to accurately measure the kind of critical thinking that actually matters in school and beyond. While these tests are often defended as objective measures of learning, they mostly reward memorization and quick guessing rather than genuine understanding of how to apply knowledge to new problems.

The structure of standardized tests is a big part of the problem. Most questions are multiple choice, meaning students select from answers someone else has already written instead of generating and defending their own ideas through explanation. Real critical thinking involves analyzing a problem, considering multiple approaches, and explaining reasoning, none of which a bubble sheet can capture no matter how carefully the questions are designed. For example, a student might be able to write a thoughtful essay analyzing a historical event but struggle to pick the ""correct"" answer among four similarly worded choices designed specifically to trick test-takers who understand the material well.

Another issue is that standardized tests encourage short-term memorization instead of lasting understanding. Students often cram facts right before a test and forget them soon after, which shows the test measures short-term recall rather than deep learning that sticks with a student over time. This has real classroom consequences too: teachers, feeling pressure to raise scores, sometimes spend valuable class time teaching test-taking strategies, like eliminating obviously wrong answers, instead of the more meaningful, open-ended thinking skills students actually need for college and careers down the road.

Supporters of standardized testing often argue that these tests provide a quick, consistent way to check whether students have basic academic skills, and that without them, it would be hard to measure progress at all across large groups of students. That's a reasonable point, but basic skills and critical thinking aren't the same thing. A test can confirm that a student knows a formula without ever showing whether that student can apply it to solve an unfamiliar, real-world problem, which is arguably the actual goal of a good education.

Instead of relying so heavily on standardized tests, schools could place more value on projects, essays, and classroom discussions, which give students room to show how they think, not just what they've memorized the night before. Reducing standardized testing wouldn't mean lowering academic standards; it would mean measuring the right things in the first place, and giving credit to the kind of thinking that actually prepares students for life after school.",404,7/28/2026,"Strong, A",7/29/2026,"Feedback
10

/

10

Summary
You have written a highly organized and persuasive essay that effectively argues for a shift away from standardized testing. Your work demonstrates a sophisticated command of grammar and a logical flow that makes your points easy to follow.

3 Things You Did Well
Your use of complex punctuation, such as in your sentence about bubble sheets, was excellent because it allowed you to connect multiple ideas without losing the reader's focus.
The logical progression between your paragraphs helped the audience follow your argument from the thesis all the way to your strong concluding summary.
You provided a powerful comparison between memorization and genuine understanding, which worked well because it gave the audience a relatable example of how testing can trick even the smartest students.
2 Things to Improve
To make your argument even more persuasive, try to include a specific counter-argument from the 'other side' before you debunk it. For example, you could add: 'While some argue that standardized tests provide a fair baseline for all students, this ignores the fact that a single test cannot measure diverse thinking styles.'
While your evidence is strong, you could strengthen your call to action by using more direct 'command' verbs in your conclusion. Instead of saying 'schools could place more value,' try a more assertive rewrite like: 'Schools must prioritize projects and discussions to truly foster the next generation of thinkers.'
1 Question I Still Have
Practice writing a 'rebuttal' paragraph for your next assignment where you state a common opposing view and then use your evidence to prove why your position is stronger.
Rubric
1) Purpose/Organization

You have written a well-organized essay with a clear thesis statement, logical progression between paragraphs, and a strong conclusion that summarizes your argument. ""Instead of relying so heavily on standardized tests, schools could place more value on projects, essays, and classroom discussions, which give students room to show how they think, not just what they've memorized the night before.""

Score

4
2) Evidence/Elaboration

You provide strong support for your claims by explaining how testing mechanics hinder critical thinking and comparing memorization to genuine understanding. ""For example, a student might be able to write a thoughtful essay analyzing a historical event but struggle to pick the ""correct"" answer among four similarly worded choices designed specifically to trick test-takers who understand the material well.""

Score

4
3) Conventions

You demonstrate an excellent command of language with clear sentence structure, correct capitalization, and accurate grammar throughout your essay. For example, you correctly use complex punctuation in the sentence, ""Real critical thinking involves analyzing a problem, considering multiple approaches, and explaining reasoning, none of which a bubble sheet can capture no matter how carefully the questions are designed.""

Score

2
",10/10,7/29/2026,1,1,1,1,1,1,"The student response contains several clear strengths: a strong thesis, logical organization, relevant examples, acknowledgment of a counterpoint, and effective sentence-level control. The teacher feedback explicitly identifies these strengths in multiple places. It praises the essay as 'highly organized and persuasive,' points to the student's use of complex punctuation, highlights the logical progression between paragraphs, and names the comparison between memorization and genuine understanding as effective. These acknowledgments are specific, grounded in quotations and actual features of the student's essay, and they frame the strengths as writing moves and argumentative choices rather than fixed traits alone. Because the feedback clearly and specifically acknowledges useful strengths in the student's response, it meets the criterion."
9th grade,ELA,Argumentative,Should standardized testing be reduced or eliminated?,Strong,s3.3,"Against — focuses on standardized tests providing fair, objective comparison across schools","Act as a 9th grade student and write an STRONG ELA argumentative essay (400-600 words) who cared about this assignment and revised it before turning it in on the topic: {Should standardized testing be reduced or eliminated?} taking the position: {Against — focuses on standardized tests providing fair, objective comparison across schools}. Open by stating your opinion clearly. Give 3+ reasons with real-world examples or facts to back each one up, explaining how each connects to your point. Bring up a reason someone might disagree with you, and respond to it. Use different ways to connect your ideas. Wrap up by restating your point in a new way. Keep spelling and grammar clean. 
","Standardized testing should not be eliminated because it provides one of the only fair, objective ways to compare students and schools across vastly different backgrounds and resources. While no test is perfect, removing this tool entirely would make it much harder to identify inequality in the first place, let alone address it.

The core strength of standardized testing is consistency. Every student, regardless of which school they attend or which teacher they have, answers the same questions under the same conditions. This matters because classroom grades can vary enormously; one teacher's ""A"" might be another teacher's ""B,"" depending on grading style, personal bias, or how strict a particular class happens to be that year. A standardized test removes that inconsistency, giving colleges, states, and researchers a shared baseline to compare students fairly, even when they come from completely different educational environments that would otherwise be impossible to compare directly.

This consistency is especially important for identifying inequality between schools. When a wealthy school and an underfunded school both take the same test, the resulting gap in scores can reveal real disparities in resources, staffing, or support that might otherwise go unnoticed by families or lawmakers who don't visit every school in person. Without this kind of data, it would be much harder to prove that certain schools need more funding or intervention, since school-by-school grading practices alone wouldn't reveal the same clear patterns across a district or state.

Critics argue that standardized tests are unfair because students don't have equal access to test prep resources, tutoring, or stable home environments, and this is a legitimate concern worth taking seriously. However, this is an argument for improving equity in access to resources and support, not for eliminating the test itself. Getting rid of the test wouldn't close the resource gap; it would only make the gap harder to see and measure, which could allow inequality to go unaddressed for even longer, hurting the very students the critics are trying to protect.

Standardized testing isn't a perfect system, and it shouldn't be the only factor used to judge a student or a school. But as one piece of a larger picture, it offers something few other tools can: a fair, consistent measure that applies to everyone in exactly the same way. Reducing or eliminating it entirely would remove one of the clearest ways we currently have to catch and address inequality in education before it grows even wider.",406,7/28/2026,"Strong, A",7/29/2026,"Feedback
10

/

10

Summary
You have written a highly organized and persuasive essay that effectively argues for the necessity of standardized testing. Your work demonstrates a strong command of grammar and a deep understanding of how data can highlight educational inequalities.

3 Things You Did Well
Your use of strong transitions makes your argument easy to follow, ensuring that the audience understands how each point connects to your central claim about school systems.
You correctly used complex punctuation, such as semicolons and quotation marks, which gives your writing a professional and polished tone that builds trust with your readers.
Your ability to address counterarguments is your strongest asset; by explaining how test scores reveal resource gaps between wealthy and underfunded schools, you turned a common criticism into a powerful piece of evidence.
2 Things to Improve
To make your arguments even more persuasive, try adding a specific 'call to action' in your conclusion. Instead of just summarizing, you could write: 'Therefore, we must use this testing data not just to rank students, but to advocate for increased funding in the schools that need it most.'
While your logic is sound, you can strengthen your evidence by including a hypothetical 'before and after' scenario. For example, you could say: 'Before standardized tests, a student's success was a mystery to outsiders; after these tests were implemented, lawmakers could finally see exactly where support was lacking.'
1 Question I Still Have
Practice writing two different concluding sentences for your next draft—one that summarizes your main points and one that challenges the reader to take a specific action based on your evidence.
Rubric
1) Purpose/Organization

You have written a very clear and organized essay that uses strong transitions to connect your arguments about why standardized testing should remain part of the school system. ""Every student, regardless of which school they attend or which teacher they have, answers the same questions under the same conditions.""

Score

4
2) Evidence/Elaboration

You provided convincing support for your claim by explaining the logical benefits of a shared baseline and effectively addressing the counterarguments regarding resource inequality. ""When a wealthy school and an underfunded school both take the same test, the resulting gap in scores can reveal real disparities in resources, staffing, or support that might otherwise go unnoticed by families or lawmakers who don't visit every school in person.""

Score

4
3) Conventions

You demonstrate a strong command of conventions with correct sentence structure, capitalization, and punctuation throughout the essay. For example, you correctly use a semicolon and quotation marks in the sentence: ""This matters because classroom grades can vary enormously; one teacher's \""A\"" might be another teacher's \""B,\"" depending on grading style, personal bias, or how strict a particular class happens to be that year.""

Score

2
",10/10,7/29/2026,1,1,1,1,1,1,"The student response contains several clear strengths: a focused claim, strong organization, effective use of transitions, thoughtful treatment of counterarguments, and specific reasoning about how standardized testing can reveal inequality. The teacher feedback explicitly names multiple strengths in the student's actual essay, such as the strong transitions, correct use of complex punctuation, and especially the way the student addresses counterarguments by using score gaps between wealthy and underfunded schools as evidence. These acknowledgments are specific, accurate, and grounded in quoted or paraphrased parts of the student text. The feedback also frames strengths in terms of the student’s writing moves and strategies rather than fixed traits alone. Therefore, the feedback clearly meets the criterion of acknowledging strength."
9th grade,ELA,Argumentative,Should standardized testing be reduced or eliminated?,Strong,s3.4,Against — focuses on tests holding schools accountable for teaching quality,"Act as a 9th grade student and write an STRONG ELA argumentative essay (400-600 words) who cared about this assignment and revised it before turning it in on the topic: {Should standardized testing be reduced or eliminated?} taking the position: {Against — focuses on tests holding schools accountable for teaching quality}. Open by stating your opinion clearly. Give 3+ reasons with real-world examples or facts to back each one up, explaining how each connects to your point. Bring up a reason someone might disagree with you, and respond to it. Use different ways to connect your ideas. Wrap up by restating your point in a new way. Keep spelling and grammar clean. 
","Standardized testing should be kept in place because it holds schools accountable for the quality of education they provide. Without a consistent way to measure student learning, it becomes far too easy for struggling schools to go unnoticed until the problem has already caused lasting harm to an entire generation of students.

Accountability starts with data, and standardized tests provide the most consistent data schools currently have. When scores are tracked year after year, patterns emerge that reveal whether a school's teaching methods are actually working for students. A school with steadily declining scores is a signal that something needs to change, whether that's curriculum, staffing, or additional support for struggling students. Without this kind of tracking, problems could go unaddressed for years, allowing entire classes of students to fall behind before anyone realizes there's a serious issue that needs fixing.

Test data also plays a critical role in directing resources where they're needed most. Schools with lower scores are often eligible for additional funding, tutoring programs, or state support specifically because test results flagged them as needing help before things got worse. This system, while imperfect, ensures that struggling schools don't simply get overlooked in favor of schools that are already succeeding and don't need as much extra attention. Parents also rely on this information to make informed decisions about where to send their children, especially in areas where school quality varies significantly from one neighborhood to the next, sometimes just a few miles apart.

Opponents of standardized testing often point out that it can lead to ""teaching to the test,"" where instruction narrows to focus only on what will be tested rather than broader, more meaningful learning. This is a valid criticism, and it's worth addressing through smarter test design, more balanced curriculums, or reduced testing frequency. However, removing accountability measures entirely isn't the solution, since it would eliminate one of the few tools available for catching underperforming schools early, before students graduate without the skills they were supposed to learn. The problem lies in how testing is used, not in the existence of testing itself.

Ultimately, standardized testing serves an important purpose beyond measuring individual students: it holds the education system itself accountable to the families and communities it's supposed to serve. Without it, there would be little reliable way to ensure that every school, regardless of location or funding, is actually doing right by its students.",400,7/28/2026,"Strong, A",7/29/2026,"Feedback
9

/

10

Summary
You have written a highly organized and professional essay that effectively balances your main claim with opposing viewpoints. Your strong command of grammar and sentence structure makes your argument very easy for the reader to follow.

3 Things You Did Well
Your use of logical transitions and a clear claim helps the audience follow your train of thought without getting lost.
You demonstrated excellent control over grammar and punctuation, such as your correct use of nested quotation marks when discussing 'teaching to the test.'
The way you acknowledged the opposing viewpoint was your strongest asset because it showed you understand the complexity of the topic, making your own argument feel more balanced and trustworthy.
2 Things to Improve
While your ideas are clear, your argument would be more persuasive if you used specific data instead of general descriptions. For example, instead of saying schools get 'additional funding,' you could write: 'According to the Department of Education, Title I schools receiving these scores saw a 15% increase in federal tutoring grants.'
To make your evidence more authoritative, try to integrate direct quotes from experts. Instead of just explaining that test results flag schools for help, you could structure it like this: 'As researcher Dr. Smith notes, ""Standardized data acts as a diagnostic tool,"" allowing states to provide support before a school's performance drops further.'
1 Question I Still Have
For your next draft, find two specific statistics or expert quotes from your research sources to replace general statements in your body paragraphs.
Rubric
1) Purpose/Organization

You have written a very well-organized essay with a clear claim, logical transitions, and an effective acknowledgement of the opposing viewpoint. ""Opponents of standardized testing often point out that it can lead to \""teaching to the test,\"" where instruction narrows to focus only on what will be tested rather than broader, more meaningful learning.""

Score

4
2) Evidence/Elaboration

Your essay provides adequate support for your claim and expresses your ideas clearly, though incorporating more specific facts or statistics from sources would make your argument even more convincing. ""Schools with lower scores are often eligible for additional funding, tutoring programs, or state support specifically because test results flagged them as needing help before things got worse."" To improve, try to integrate specific data or direct quotes from educational research to provide more thorough evidence for your arguments.

Score

3
3) Conventions

You demonstrate a strong command of conventions, including proper capitalization and a clear sentence structure that makes your argument easy to follow. For example, you correctly used commas and quotation marks in the sentence: ""Opponents of standardized testing often point out that it can lead to \""teaching to the test,\"" where instruction narrows to focus only on what will be tested rather than broader, more meaningful learning.""

Score

2
",9/10,7/29/2026,1,1,1,1,1,1,"The student response contains several clear strengths: a focused claim, organized paragraphing, logical development, and a nuanced counterargument about 'teaching to the test.' The teacher feedback does more than give generic praise; it explicitly names multiple specific strengths in the student's actual essay. It highlights the clear claim and logical transitions, strong grammar and punctuation, and especially the handling of the opposing viewpoint. These acknowledgments are grounded in direct features and even a quoted sentence from the essay. The feedback also frames strengths in terms of writing moves and choices the student made, such as using transitions and acknowledging counterarguments, rather than only praising fixed traits. Because the feedback specifically and authentically identifies useful strengths in the student's response, it meets the criterion."
9th grade,ELA,Argumentative,Should schools push back start times to later in the morning?,Weak,w4.1,For — focuses on teen sleep science and biological circadian rhythms,"Act as a 9th grade student and write an WEAK ELA argumentative essay (400-600 words) who is rushing to finish before the bell rings on the topic: {Should schools push back start times to later in the morning?} taking the position: {For — focuses on teen sleep science and biological circadian rhythms}. State it in one flat sentence without explaining why. Give 1-2 reasons but don't explain how they connect to your opinion. Don't respond to anyone who might disagree with you. Jump between ideas without connecting them. Include a few run-on sentences and at least one sentence where the subject and verb don't agree. End abruptly without wrapping up. Include repetitive transitions. 
","Schools should start later in the morning. Everybody in my grade is tired all the time and it's not our fault, its just how are bodies work I guess. First period is basically pointless because half the class is asleep or almost asleep and the teacher have to repeat everything like three times before anyone answers a question, and honestly I don't even remember what we did in first period yesterday because I was so tired I basically blacked out for like twenty minutes, it happens more than people think. Also teenagers brains make melatonin later than little kids brains do, I read that in health class one time and it stuck with me even though I forget most of what we learn in there. Also my mom says when she was in high school they started at 7:20 and she hated it too so its not just me being dramatic, its been a problem forever and nobody fixed it. Also I heard some school in like Seattle or somewhere pushed their start time back and test scores went up, I'm pretty sure that's true. Also sports. Also some kids gotta take three buses just to get to school on time which is crazy early like 6am for some people, and that's not even including getting ready and eating breakfast which nobody has time for anyway so kids just skip it and then they're hungry all day on top of being tired, its a whole cycle. Also I heard adults get to start work whenever basically compared to us and that seems unfair honestly. My little brother is in elementary and he starts later than me which makes no sense because he needs less sleep than a teenager does, little kids just wake up early anyway naturally so why do they get to start later while we start earlier, the schedule is literally backwards if you think about it for one second. Also weekends prove it because everybody sleeps in until like noon on saturday which shows our bodies want to sleep later, that's not laziness thats science. Also coffee, a lot of kids my age already drink coffee just to survive first period which probably isn't even good for us but nobody talks about that part, they just care about us being awake enough to sit still. Also I heard somewhere that some countries starts school later than us and their kids do fine or even better than us on tests, I can't remember which countries though. The bell is about to ring and I still have",428,7/28/2026,"developing, C",7/29/2026,"Feedback
5

/

10

Summary
You did a great job focusing on the benefits of later school start times and showing a strong command of grammar. Your presentation was relatable and highlighted important issues like biological sleep patterns and academic performance.

3 Things You Did Well
You maintained a clear focus on your claim throughout the presentation, which helped the audience stay on track with your argument about school schedules.
You used relatable personal anecdotes about being tired in first period, which made your speech feel authentic and connected well with your peers' experiences.
Your strongest point was your ability to identify key biological and academic reasons for your stance, showing you really understand why this change matters for students.
2 Things to Improve
You can make your speech flow more professionally by replacing repetitive words like 'Also' with varied transitions. For example, instead of saying 'Also, grades go up,' try: 'Furthermore, research shows that academic performance improves significantly.'
To make your argument more convincing, try breaking up long run-on sentences and fixing verb agreement. Instead of saying 'the teacher have to repeat everything,' you should say: 'The teacher has to repeat the lesson. Consequently, many students struggle to remember the material.'
1 Question I Still Have
Practice your speech by highlighting every time you use the word 'Also' and replacing it with a different transition word like 'Consequently' or 'In addition' to see how it changes the rhythm.
Rubric
1) Purpose/Organization

You maintain a clear focus on the benefits of later start times, but your organization relies too heavily on repeating the word 'Also' rather than using a variety of transitions. To improve your structure, try using more sophisticated transitions like 'Furthermore' or 'Consequently' instead of starting almost every sentence with 'Also.'

Score

2
2) Evidence/Elaboration

You provide several relevant reasons for your claim, such as biological sleep patterns and academic performance, but your support relies more on personal anecdotes than on specific evidence from sources. To strengthen your argument, try to include specific facts or data from the articles you mentioned, such as the exact name of the study or the specific percentage that test scores improved.

Score

2
3) Conventions

You demonstrate a good command of grammar overall, though you should watch for run-on sentences and ensure your verb agreement is correct. ""First period is basically pointless because half the class is asleep or almost asleep and the teacher have to repeat everything like three times before anyone answers a question, and honestly I don't even remember what we did in first period yesterday because I was so tired I basically blacked out for like twenty minutes, it happens more than people think."" To improve, you should break up long, run-on sentences with periods and ensure your verbs match the subject, such as changing ""the teacher have"" to ""the teacher has.""

Score

1
",5/10,7/29/2026,1,1,1,1,1,1,"The student response contains several meaningful strengths the teacher could acknowledge: a clear overall claim that schools should start later, relevant reasons tied to teen sleep biology and academic performance, and vivid personal examples about first period fatigue. The feedback does acknowledge these strengths directly and specifically. It says the student focused on the benefits of later start times, used relatable personal anecdotes about being tired in first period, and identified biological sleep patterns and academic reasons. These comments are tied to actual content in the student’s writing, such as the discussion of melatonin, first period exhaustion, and test scores. The feedback also frames the strengths in terms of writing and argument moves—maintaining focus, using anecdotes, and identifying reasons—rather than fixed traits alone. Although some praise may slightly overstate grammar control given the errors in the draft, the feedback still clearly identifies real, specific, grounded strengths in the student’s work. Therefore, it meets the criterion."
9th grade,ELA,Argumentative,Should schools push back start times to later in the morning?,Weak,w4.2,For — focuses on improved academic performance and attendance with more sleep,Act as a 9th grade student and write an WEAK ELA argumentative essay (400-600 words) who is rushing to finish before the bell rings on the topic: {Should schools push back start times to later in the morning?} taking the position: {For — focuses on improved academic performance and attendance with more sleep}. State it in one flat sentence without explaining why. Give 1-2 reasons but don't explain how they connect to your opinion. Don't respond to anyone who might disagree with you. Jump between ideas without connecting them. Include a few run-on sentences and at least one sentence where the subject and verb don't agree. End abruptly without wrapping up. Include repetitive transitions. ,"Schools should start later. Kids do better in school when they get more sleep, everybody know that. Attendance is bad because kids be missing first period a lot, my friend misses it like twice a week honestly and she's not even trying to skip she's just still asleep when the bus already left. Also grades. Also I heard test scores go up when schools start later, I don't remember where I heard it but I'm pretty sure I heard it somewhere real. First period test grades is always worse than like third period test grades for the same class, my science teacher even said that once, she teaches the same lesson twice a day to two different classes and the later class does better every single time which proves my point completely. Also attendance offices probably has more tardies in the morning than any other time of day, that's just common sense if you think about it. Also I forgot to say earlier that sports practices happen after school so that's not related to this but I wanted to bring it up anyway because I thought of it. Also some kids work jobs after school so by the time they get home and eat and do homework its already like midnight and then they gotta wake up at 6 again the next day, that's not enough sleep for anybody let alone a teenager who's still growing and stuff. Also I saw on the news one time that a bunch of doctors said teenagers need like 9 hours of sleep and almost nobody I know actually gets that much, we all get like 6 hours if we're lucky and then we wonder why everyone falls asleep during silent reading time. Also my cousin's school switched their start time and she said everyone likes it better now, she goes to a different district though so I don't know all the details but she seemed happy about it when I asked her at Thanksgiving. Also detention, because kids get detention for being tardy and that just makes them even more tired and stressed which probably makes their grades worse too, its like a cycle that never stops. Also I heard teachers even fall asleep sometimes in the morning meetings before school which is kind of funny but also proves my point I think. Also breakfast, because the cafeteria opens super early and barely anybody eats there since nobody has time before the bell rings. Grades matter and sleep matters and schools should",419,7/28/2026,"developing, C",7/29/2026,"Feedback
6

/

10

Summary
You provided several relevant reasons for starting school later and showed a good basic command of grammar. To strengthen your argument, you should focus on organizing your ideas into a formal structure and using specific evidence from sources.

3 Things You Did Well
You shared relevant reasons for why school should start later, which helped the audience understand the practical benefits of your position.
You demonstrated an adequate command of conventions and grammar, making your writing clear and easy to follow for the reader.
Your use of a real-life example from your science teacher was your strongest point because it provided a relatable, concrete scenario that clearly illustrated how timing affects student performance.
2 Things to Improve
You can improve your organization by using clear transitions and paragraphs instead of one long block of text. For example, instead of saying 'Also sports practices...', try a structured transition like: 'Furthermore, while extracurricular activities are scheduled after school, they are directly impacted by the energy levels students have during the day.'
To make your argument more professional, replace informal phrasing and personal anecdotes with specific data. Instead of writing 'I'm pretty sure I heard it somewhere real,' try a more precise rewrite: 'According to recent educational studies, schools that shifted to a later start time saw a 10% increase in average test scores.'
1 Question I Still Have
Practice your next draft by creating an outline with an introduction, two body paragraphs, and a conclusion, and double-check that your subjects and verbs match, such as changing 'grades is' to 'grades are'.
Rubric
1) Purpose/Organization

Your essay lacks a formal organizational structure and clear transitions, as it reads like a single, long paragraph without a proper introduction or conclusion. For example, you write, ""Also sports practices happen after school so that's not related to this but I wanted to bring it up anyway because I thought of it."", which shows a lack of focus and progression. To improve, organize your ideas into separate paragraphs with an introduction, body sections for each main point, and a conclusion, while using transitional words like 'furthermore' or 'consequently' instead of repeating 'also'.

Score

2
2) Evidence/Elaboration

You provide several relevant reasons for starting school later, but your evidence relies heavily on personal anecdotes and vague recollections rather than specific facts from the sources. You mention, ""Also I heard test scores go up when schools start later, I don't remember where I heard it but I'm pretty sure I heard it somewhere real."", which lacks the precision and integration needed for strong support. Try to include specific data or quotes from credible sources to back up your claims instead of relying on what you heard from friends or saw on the news.

Score

2
3) Conventions

You demonstrate an adequate command of conventions, though you should watch for subject-verb agreement and informal phrasing that can affect the flow of your argument. ""First period test grades is always worse than like third period test grades for the same class, my science teacher even said that once, she teaches the same lesson twice a day to two different classes and the later class does better every single time which proves my point completely."" To reach a higher level of writing, try to fix subject-verb agreement errors, such as changing ""everybody know"" to ""everybody knows"" and ""grades is"" to ""grades are.""

Score

2
",6/10,7/29/2026,1,1,1,1,1,1,"The student response includes multiple arguable strengths: a clear claim that schools should start later, several relevant supporting reasons about sleep, attendance, grades, jobs, and tardies, and a particularly concrete example involving the science teacher’s two class periods. The feedback does more than give generic praise: it specifically says the student provided several relevant reasons, notes clear readability, and identifies the science-teacher example as the strongest point because it gives a concrete scenario illustrating the claim. These acknowledgments are tied directly to content actually present in the student’s writing and frame the strengths in terms of writing moves and evidence use. Although much of the feedback focuses on improvement, it still clearly acknowledges specific strengths in the student’s response."
9th grade,ELA,Argumentative,Should schools push back start times to later in the morning?,Weak,w4.3,Against — focuses on logistical conflicts with after-school sports/jobs/family schedules,Act as a 9th grade student and write an WEAK ELA argumentative essay (400-600 words) who is rushing to finish before the bell rings on the topic: {Should schools push back start times to later in the morning?} taking the position: {Against — focuses on logistical conflicts with after-school sports/jobs/family schedules}. State it in one flat sentence without explaining why. Give 1-2 reasons but don't explain how they connect to your opinion. Don't respond to anyone who might disagree with you. Jump between ideas without connecting them. Include a few run-on sentences and at least one sentence where the subject and verb don't agree. End abruptly without wrapping up. Include repetitive transitions. ,"Schools should not push back start times. It would mess up too many things for too many people and nobody really thinks about that part. Sports practice already ends right before it gets dark in the winter, and if school get out later then practice gets out even later and some kids wouldn't even be able to see the ball anymore during practice, that's a real problem coaches would have to deal with. Also jobs. A lot of kids at my school work after school like at the grocery store or fast food places and their shifts are already scheduled around when school lets out now, if school ends later the shifts would have to change and some managers probably wouldn't even allow that because they need people during the busy dinner time hours. Also younger siblings, because a lot of high schoolers pick up their little brother or sister from elementary school and if high school gets out later then who's gonna get the little kid, that's a real question nobody answers when they talk about this topic. My own sister needs picked up at 3:15 every day and if I got out later I honestly don't know what would happen, my mom works until 5 so it would be a whole problem for our family specifically and probably other families too. Also buses. The bus schedules is already complicated with elementary, middle, and high school all sharing the same buses at different times, if you push back high school then you gotta push back something else too and it just becomes a chain reaction that messes up everybody's morning instead of just ours. Also some parents drop their kids off on the way to work and if school starts later that don't match up with when parents gotta be at work anymore, so parents would have a problem too, not just students. Also clubs, because a lot of clubs meets after school and those would get pushed back too and some kids already gotta leave clubs early to catch a ride so it would just make that worse. Also I forgot but some kids do like volunteer stuff after school for community service hours and that's scheduled around the current time too so that's another thing that would get messed with. Also coaches has other jobs too sometimes and they can only coach at certain times so if practice moves later some coaches might not even be able to make it anymore. This whole idea sounds nice on paper but",422,7/28/2026,"developing, C+",7/29/2026,"Feedback
5

/

10

Summary
You did a great job using real-life examples to support your argument and make it relatable. To take your writing to the next level, you should focus on organizing your structure and polishing your sentence mechanics.

3 Things You Did Well
You used logical reasons to support your claim, which helped build a clear and convincing argument for your audience.
You included practical examples from daily life, like your sister's pickup schedule, which made your points feel authentic and grounded in reality.
Your strongest asset was your ability to connect your personal experiences to the broader community, showing how school schedules impact entire families.
2 Things to Improve
You can improve your organization by using paragraph breaks and finishing your thoughts. For example, instead of ending abruptly with 'This whole idea sounds nice on paper but', you could write: 'This whole idea sounds nice on paper, but the practical challenges for working families make it difficult to implement.'
To make your writing smoother, try breaking up run-on sentences and checking your subject-verb agreement. Instead of saying 'The bus schedules is', you should write 'The bus schedules are' to ensure your grammar is correct.
1 Question I Still Have
Rewrite your concluding paragraph to include a final summary sentence and check your draft for any 'is/are' errors before submitting.
Rubric
1) Purpose/Organization

You have presented a clear claim with several logical reasons, but the lack of paragraph breaks and the unfinished ending make the organization feel incomplete. ""This whole idea sounds nice on paper but"" To improve, you should organize your ideas into separate paragraphs with a clear introduction and a finished concluding sentence.

Score

2
2) Evidence/Elaboration

You provide several practical examples from daily life to support your argument, though the language used is somewhat repetitive and informal. ""My own sister needs picked up at 3:15 every day and if I got out later I honestly don't know what would happen, my mom works until 5 so it would be a whole problem for our family specifically and probably other families too."" Try to incorporate specific facts or data from outside sources to strengthen your personal anecdotes and vary your vocabulary to avoid repeating the word ""also.""

Score

2
3) Conventions

You demonstrate a good grasp of basic mechanics, although your essay contains a few run-on sentences and subject-verb agreement errors. Try to break up long sentences with commas and conjunctions into shorter, distinct sentences, and check that your subjects and verbs match, such as changing ""The bus schedules is"" to ""The bus schedules are.""

Score

1
",5/10,7/29/2026,1,1,1,1,1,1,"The student response contains several meaningful strengths: a clear claim against later start times, multiple concrete reasons, and specific real-life examples such as sports practice, jobs, sibling pickup, and the sister pickup anecdote. The feedback does acknowledge these strengths directly and specifically. It praises the student's use of real-life examples, logical reasons, and connection between personal experience and broader community impact. These acknowledgments are anchored in details actually present in the student text, especially the mention of the sister’s pickup schedule. The feedback also frames strengths in terms of writing choices and reasoning moves—using examples, supporting a claim, connecting personal experience to broader implications—rather than vague trait praise. Because the praise is specific, grounded, and tied to developable aspects of the student’s writing, the criterion is met."
9th grade,ELA,Argumentative,Should schools push back start times to later in the morning?,Weak,w4.4,Against — focuses on bus transportation and childcare scheduling problems for families,"Act as a 9th grade student and write an WEAK ELA argumentative essay (400-600 words) who is rushing to finish before the bell rings on the topic: {Should schools push back start times to later in the morning?} taking the position: {Against — focuses on bus transportation and childcare scheduling problems for families}. State it in one flat sentence without explaining why. Give 1-2 reasons but don't explain how they connect to your opinion. Don't respond to anyone who might disagree with you. Jump between ideas without connecting them. Include a few run-on sentences and at least one sentence where the subject and verb don't agree. End abruptly without wrapping up. Include repetitive transitions. 
","Schools should not start later than they already do. Bus routes takes forever to plan and districts already spent a ton of money figuring out the current schedule, changing it would cost a lot and probably mess everything up for at least a year while they figure out the new routes. Also there's not enough buses or drivers to just run everything at a different time, my uncle drives a bus and he says there's already a shortage of drivers so some buses do two or three routes in a row for different schools, if you change the high school time it throws off the elementary and middle school times too and then everyone's schedule is broken not just ours. Also childcare. A lot of parents drop their little kids off at daycare or before-school programs based on what time they gotta be at work, and those programs is already set up around the current school schedule, so if schools change their times then parents gotta find new childcare which cost more money and isn't easy to just do overnight. My aunt has a daycare and she says a lot of parents already struggle to find spots as it is, so changing school times would just make it worse honestly for a lot of families in my neighborhood and probably other neighborhoods too. Also after school programs and daycare for after school would have to change too since school would let out later, and some of those programs closes at a certain time already so kids might not even have anywhere to go if pickup gets pushed back. Also some working parents drop kids off super early before school even opens because that's when their shift starts, and if you push back the school start time those kids would just be sitting outside for even longer waiting for the doors to open, which isn't safe honestly. Also some families has more than one kid in different schools and the parents already plans their whole morning around dropping everybody off in order, if you change one school's time it messes up the whole order for the entire family. Also gas money, because parents driving around more or waiting longer costs more gas which is just another thing nobody thinks about when they bring this idea up. Also some grandparents pick kids up from school and they already have a hard enough time with the current schedule so changing it would just make things harder for them too. This is a bigger problem than people think it is",426,7/28/2026,"devloping, B+",7/29/2026,"Feedback
6

/

10

Summary
You did a great job maintaining a consistent claim and using real-world examples to support your argument. Your writing shows a strong grasp of punctuation and capitalization, which helps your ideas come across clearly.

3 Things You Did Well
You used practical examples from your family, like your aunt’s daycare experience, which makes your argument feel grounded and relatable to the audience.
Your use of capitalization and punctuation is very consistent, ensuring that your sentences are easy to read and follow a logical flow.
You maintained a very clear and consistent claim throughout the entire piece, which ensures the reader always knows exactly where you stand on the issue.
2 Things to Improve
Your essay is currently one long paragraph, which can overwhelm the reader; try breaking it into sections like an introduction, a body paragraph for your aunt's story, and a conclusion. For example, start a new paragraph when you move from the cost of buses to the impact on families.
To make your argument sound more professional, try replacing informal slang with academic language and checking your subject-verb agreement. Instead of saying 'Bus routes takes forever and they gotta spend a ton,' try writing: 'Bus routes take a long time to plan, and districts must spend a significant amount of money.'
1 Question I Still Have
Practice rewriting your main points into a three-paragraph structure (Introduction, Body, Conclusion) while checking that your subjects and verbs match, such as changing 'programs is' to 'programs are'.
Rubric
1) Purpose/Organization

You have a consistent claim throughout your writing, but the entire essay is written as a single paragraph, which makes it harder to follow your different reasons. ""This is a bigger problem than people think it is"" To improve your score, organize your work into clear paragraphs with an introduction, separate body paragraphs for each main reason, and a concluding summary.

Score

2
2) Evidence/Elaboration

You provide several practical examples from family members to support your stance, though your language is often informal and relies on personal anecdotes rather than specific source data. ""My aunt has a daycare and she says a lot of parents already struggle to find spots as it is, so changing school times would just make it worse honestly for a lot of families in my neighborhood and probably other neighborhoods too."" Try to incorporate more formal evidence from articles or studies and use precise academic language instead of informal phrases like 'ton of money' or 'gotta'.

Score

2
3) Conventions

You demonstrate a good grasp of capitalization and punctuation, though you have some subject-verb agreement errors that occasionally affect the flow of your arguments. For example, you wrote, ""Bus routes takes forever to plan and districts already spent a ton of money figuring out the current schedule, changing it would cost a lot and probably mess everything up for at least a year while they figure out the new routes."" To improve, check that your subjects and verbs match in number, such as changing ""Bus routes takes"" to ""Bus routes take"" and ""those programs is"" to ""those programs are.""

Score

2
",6/10,7/29/2026,1,1,1,1,1,1,"The student response contains several meaningful strengths: a clear position against later school start times, a sustained line of reasoning, and specific supporting examples drawn from family and community experience. The feedback does more than give generic praise. It explicitly identifies particular strengths in the student’s actual writing, such as maintaining a consistent claim and using family-based real-world examples like the aunt’s daycare experience. It also names writing features such as consistent punctuation and capitalization. These acknowledgments are specific, grounded in the student text, and framed in terms of writing moves and effects on the reader (for example, examples making the argument grounded and relatable, and a clear claim helping the reader follow the stance). Because the feedback specifically recognizes useful aspects of the student's work and treats them as meaningful strengths, it meets the criterion."
9th grade,ELA,Argumentative,Should schools push back start times to later in the morning?,Developing,d4.1,For — focuses on teen sleep science and biological circadian rhythms,"Act as a 9th grade student and write an DEVELOPING ELA argumentative essay (400-600 words) who puts in a reasonable but not exceptional effort on the topic: {Should schools push back start times to later in the morning?} taking the position: {For — focuses on teen sleep science and biological circadian rhythms}. State your opinion but keep it somewhat general. Give 2-3 reasons; explain some of them but leave others just stated without much backup. Mention that some people might disagree, but only in passing don't really engage with why. Connect ideas but not using varied transitions. Include a few small grammar or spelling slips that don't get in the way of understanding. 
","I believe schools should push back their start times because it would be better for students' health and their ability to learn. Right now most high schools start around 7:30, which means a lot of us have to wake up before 6 a.m. just to get ready and catch the bus. Scientists have found that teenagers' bodies naturally produce melatonin, the hormone that makes you sleepy, later at night than younger kids or adults do. This is called a shift in circadian rhythm, and it means that even if a teenager goes to bed early, their brain might not actually be ready for sleep yet. So when we're forced to wake up so early, we're not getting enough sleep even if we try to go to bed on time.

Another reason is that tired students don't learn as well. When you're running on five or six hours of sleep, its hard to pay attention in class, remember what you studied, or even stay awake during a lecture. I've noticed this myself during first period, where half the room looks like they're about to fall asleep at their desk. Some people might say that students should just go to bed earlier to fix this problem, but that doesn't really work because of the biology part I mentioned before, our bodies aren't ready for sleep that early no matter how hard we try.

There's also research from the American Academy of Pediatrics that recommends middle and high schools start no earlier than 8:30 a.m. Many schools that have already made this change have reported improvements in attendance and grades, which shows that this isn't just a comfort issue, it actually affects how well students do in school. Also, later start times could mean fewer car accidents involving teen drivers, since drowsy driving is a real danger for people my age who are driving to school half asleep.

I understand that changing start times would affect things like bus schedules and after school activities, and that's a fair point to bring up. But I still think the benefits for students' health and grades outweigh those scheduling headaches, especially since other districts have already found ways to make it work. Overall, pushing back school start times would help students feel more rested, focus better, and probably do better in their classes. It's not a perfect solution but it addresses a real problem that a lot of us deal with every single morning.",408,7/28/2026,"Strong, A-",7/29/2026,"Feedback
8

/

10

Summary
You delivered a well-organized argument supported by strong biological evidence and professional recommendations. Your logical progression makes your stance on school start times very persuasive for your audience.

3 Things You Did Well
Your logical progression and clear thesis made it easy for the audience to follow your argument from start to finish.
You used solid evidence regarding biological factors and professional recommendations, which gave your presentation great credibility.
I loved how you acknowledged the opposing view about bus schedules and after-school activities; showing you understand the other side makes your own argument much more convincing.
2 Things to Improve
To make your transitions smoother, try using more sophisticated linking words. Instead of saying 'Another reason,' you could say: 'Furthermore, the biological clock of a teenager naturally shifts later, making early start times counterproductive.'
Watch out for small punctuation errors in contractions to keep your work looking professional. For example, instead of writing 'its hard to pay attention,' you should write 'it's hard to pay attention' to show the contraction of 'it is.'
1 Question I Still Have
Review your draft specifically for contractions and replace simple transition words with more advanced options like 'conversely' or 'consequently' to improve the flow.
Rubric
1) Purpose/Organization

You have a well-organized argument with a clear thesis and logical progression, though you could use more varied transitions between your paragraphs. ""I understand that changing start times would affect things like bus schedules and after school activities, and that's a fair point to bring up."" To improve, try using more sophisticated transitional phrases like ""Furthermore"" or ""Conversely"" to link your ideas instead of starting with ""Another reason"" or ""There's also.""

Score

3
2) Evidence/Elaboration

You provide solid evidence by mentioning biological factors and professional recommendations, although some of your phrasing and punctuation could be more precise. ""When you're running on five or six hours of sleep, its hard to pay attention in class, remember what you studied, or even stay awake during a lecture."" To reach a higher level, include more specific data points from your sources and ensure you use apostrophes correctly in words like ""it's.""

Score

3
3) Conventions

You demonstrate a strong command of grammar and punctuation, though you missed a couple of apostrophes in contractions. For example, you wrote ""its hard to pay attention"" instead of ""it's hard to pay attention."" Pay close attention to using apostrophes in contractions like 'it's' and 'don't' to ensure your writing remains professional and polished.

Score

2
",8/10,7/29/2026,1,1,1,1,1,1,"The student response contains several clear strengths: a strong thesis, logical organization, relevant scientific and professional evidence, and acknowledgment of a counterargument. The teacher feedback directly names these strengths in specific ways, such as praising the clear thesis and logical progression, the biological evidence and professional recommendations, and the treatment of the opposing view about bus schedules and after-school activities. These acknowledgments are clearly anchored in the student’s actual writing and explain why those moves make the argument more persuasive. The feedback also frames the strengths in terms of writing choices and argumentative strategies rather than fixed traits. Because the feedback offers specific, evidence-based acknowledgment of what the student did well, it meets the criterion."
9th grade,ELA,Argumentative,Should schools push back start times to later in the morning?,Developing,d4.2,For — focuses on improved academic performance and attendance with more sleep,"Act as a 9th grade student and write an DEVELOPING ELA argumentative essay (400-600 words) who puts in a reasonable but not exceptional effort on the topic: {Should schools push back start times to later in the morning?} taking the position: {For — focuses on improved academic performance and attendance with more sleep}. State your opinion but keep it somewhat general. Give 2-3 reasons; explain some of them but leave others just stated without much backup. Mention that some people might disagree, but only in passing don't really engage with why. Connect ideas but not using varied transitions. Include a few small grammar or spelling slips that don't get in the way of understanding. ","I think schools should start later because it would help students do better in school and show up more often. Right now, a lot of students are late or absent for first period because they simply cannot get themselves up and ready in time, and honestly some of them are just exhausted from the night before. When students are constantly tired, it becomes really hard to focus during class, which means they don't learn the material as well and their grades start to slip.

One reason later start times would help is that students would get more sleep overall, since most of us stay up around the same time no matter what time school starts. If school starts later, we still go to bed around 10 or 11, but now we get to sleep in a little, which adds up to real extra sleep instead of us just staying up even later to compensate. Another reason is attendance. Teachers have told me that first period always has more empty seats than other periods, and I think that's not a coincidence, its because kids are sleeping through their alarms or just deciding it's not worth rushing.

Some schools that already switched to later start times have reported higher test scores and better attendance numbers, which backs up what a lot of students already feel. I also think tardiness would go down since students wouldn't be racing against the clock every single morning trying to make it before the bell.

Of course, some people worry that later start times would push back the end of the school day too much, which could interfere with sports or jobs. That's a real concern, but I think schools could figure out ways to adjust practice times or bus schedules instead of keeping the whole system the way it is just because change is hard. A small adjustment now could lead to bigger academic gains later, and that seems worth exploring even if it's not perfectly convenient for everyone.

Overall, if the goal of school is for students to actually learn and succeed, then start times should match what actually helps students perform their best. A tired brain can't focus, no matter how good the lesson plan is, and I think that's something more schools need to take seriously instead of just keeping things the same because that's how it's always been done. Making this change wouldn't be easy, but it seems worth the effort if it actually helps students learn and pass their classes.",419,7/28/2026,"Strong, B+",7/29/2026,"Feedback
9

/

10

Summary
You delivered a well-organized argument that effectively addresses opposing viewpoints while maintaining a logical flow. Your use of general reasoning and strong conventions makes your essay very persuasive and easy to follow.

3 Things You Did Well
You did a great job acknowledging opposing views, such as the impact on sports and jobs, which shows the audience you have considered all sides of the issue.
Your use of logical connections between school start times and student attendance helps the reader understand the real-world benefits of your proposal.
The organization of your essay is excellent; your clear thesis and logical progression of ideas act as a roadmap that keeps the audience engaged from start to finish.
2 Things to Improve
To make your evidence more convincing, try replacing general statements with specific data or direct quotes. For example, instead of saying 'higher test scores,' you could write: 'According to the Sleep Foundation study, schools saw a 15% increase in math scores after shifting to a 9:00 AM start.'
Watch out for small punctuation errors in contractions to keep your writing professional. For instance, change 'its because kids are sleeping' to 'it's because kids are sleeping' to show that 'it is' the reason for the absences.
1 Question I Still Have
Review your next draft specifically for the word 'its' to ensure you use an apostrophe for contractions, and add at least two direct quotes from your research sources to strengthen your claims.
Rubric
1) Purpose/Organization

You have created a well-organized essay with a clear thesis and a logical progression of ideas that includes an acknowledgment of opposing views. ""Of course, some people worry that later start times would push back the end of the school day too much, which could interfere with sports or jobs.""

Score

4
2) Evidence/Elaboration

You provide adequate support for your claim using general reasoning and logical connections, though the evidence from external sources remains somewhat general. ""Some schools that already switched to later start times have reported higher test scores and better attendance numbers, which backs up what a lot of students already feel."" You can improve by including more specific data or direct quotes from the sources to make your evidence more convincing and precise.

Score

3
3) Conventions

You demonstrate a strong command of conventions with very few errors, though you missed an apostrophe in a contraction in one of your paragraphs. ""Teachers have told me that first period always has more empty seats than other periods, and I think that's not a coincidence, its because kids are sleeping through their alarms or just deciding it's not worth rushing."" Make sure to use an apostrophe when writing the possessive or contracted form of ""it's,"" as in ""it's because kids are sleeping through their alarms.""

Score

2
",9/10,7/29/2026,1,1,1,1,1,1,"The student response contains several clear strengths: a strong position on later school start times, logical reasoning connecting sleep to learning and attendance, acknowledgment of a counterargument about sports/jobs, and an organized progression from claim to reasons to rebuttal and conclusion. The teacher feedback clearly identifies these as strengths rather than only pointing out weaknesses. It explicitly praises the essay as 'well-organized' and 'persuasive,' and then names specific features from the student’s writing: addressing opposing viewpoints, connecting start times to attendance, and having a clear thesis with logical progression. These acknowledgments are specific and grounded in details actually present in the student text, including a quoted counterargument sentence from the essay. The feedback also frames strengths in terms of writing moves and reasoning strategies—organization, acknowledging opposing views, and building logical connections—rather than fixed traits. Because the feedback gives specific, anchored recognition of what the student did well, it meets the criterion."
9th grade,ELA,Argumentative,Should schools push back start times to later in the morning?,Developing,d4.3,Against — focuses on logistical conflicts with after-school sports/jobs/family schedules,"Act as a 9th grade student and write an DEVELOPING ELA argumentative essay (400-600 words) who puts in a reasonable but not exceptional effort on the topic: {Should schools push back start times to later in the morning?} taking the position: {Against — focuses on logistical conflicts with after-school sports/jobs/family schedules}. State your opinion but keep it somewhat general. Give 2-3 reasons; explain some of them but leave others just stated without much backup. Mention that some people might disagree, but only in passing don't really engage with why. Connect ideas but not using varied transitions. Include a few small grammar or spelling slips that don't get in the way of understanding. 
","I don't think schools should push back their start times, even though I understand the reasoning behind wanting to. The main problem is that so much of a student's day is already built around the current schedule, and changing the start time would create a domino effect that causes more problems than it solves.

For one thing, after school sports would be pushed later into the evening, which matters a lot for winter sports especially, since it already gets dark early. Teams would either have to practice under lights, which not every school even has, or cut practice time short, which affects how prepared athletes are for games. This isn't a small issue for the athletes and coaches who depend on that practice time to actually compete well.

Jobs are another big factor that people don't always think about. A lot of students at my school work part time after school to help their families or save up money, and their shifts are scheduled around the current dismissal time. If school got out later, some of these students might lose hours or even lose their job entirely if their employer isn't flexible about the change, which isn't fair to families who depend on that income.

Family responsibilities matter too. Some students pick up younger siblings from elementary or middle school right after their own classes end, and pushing back the high school schedule would make that timing not work anymore. I know a few people in this exact situation, and it's not something they can just easily rearrange since their parents work full time jobs during the day.

I know some people would argue that student health and sleep are more important than these logistical issues, and I get that argument. But I think the reality is that changing one piece of a big, interconnected system like a school district causes ripple effects that are hard to predict and even harder to fix once they happen. Instead of a full schedule change, schools could look at other solutions, like reducing early morning zero periods or adjusting homework loads, that address the sleep issue without throwing off everyone else's schedule. Overall, the logistics involved make this a much bigger and messier change than it first appears, and schools would need a much more detailed plan, including real input from coaches, employers, and families, before making a final decision like this one.",400,7/28/2026,"Strong, A-",7/29/2026,"Feedback
8

/

10

Summary
You delivered a well-organized argument that clearly explains how schedule changes impact the daily lives and finances of students and their families. Your writing is technically strong, featuring clear sentence structures and excellent punctuation throughout.

3 Things You Did Well
Your logical progression and clear thesis made your argument easy to follow, especially when you highlighted how family responsibilities are a key factor in the debate.
You showed a strong command of grammar and punctuation, such as when you used a complex sentence to explain the 'unfair' financial risks students face if their work hours are cut.
The way you used real-world examples about students needing to work to support their families was your strongest point because it added a powerful, human element to your argument.
2 Things to Improve
To make your transitions less repetitive, try connecting your ideas with more sophisticated phrases. Instead of starting a new point simply, you could say: 'Building upon these economic concerns, we must also consider the impact on extracurriculars.'
While your personal examples are relatable, you can make your argument more persuasive by adding specific data. For example, instead of saying 'I know a few people,' you could write: 'According to a 2023 sleep study, 70% of teens report that later start times improve academic focus but complicate after-school jobs.'
1 Question I Still Have
Revise your paragraph openers using a transition word bank and find one outside statistic from a news article or study to back up your claims about student schedules.
Rubric
1) Purpose/Organization

You have constructed a well-organized argument with a clear thesis and logical progression, though your transitions between paragraphs are somewhat repetitive. ""Family responsibilities matter too."" To reach the next level, try using more sophisticated transitional phrases like ""Building upon these economic concerns"" or ""Furthermore"" to more fluidly connect your body paragraphs.

Score

3
2) Evidence/Elaboration

Your essay provides adequate support by elaborating on the real-world consequences of schedule changes, though you rely more on anecdotal logic than specific data or external citations. ""I know a few people in this exact situation, and it's not something they can just easily rearrange since their parents work full time jobs during the day."" Try to incorporate specific statistics or facts from expert sources to strengthen your claims about student sleep and extracurricular logistics.

Score

3
3) Conventions

You demonstrate a strong command of conventions with clear sentence structure and accurate punctuation throughout your essay. For example, you wrote, ""If school got out later, some of these students might lose hours or even lose their job entirely if their employer isn't flexible about the change, which isn't fair to families who depend on that income.""

Score

2
",8/10,7/29/2026,1,1,1,1,1,1,"The student response contains several meaningful strengths: a clear position, logical organization, relevant examples about sports, jobs, and family responsibilities, and an attempt to address a counterargument before proposing an alternative solution. The teacher feedback does more than give generic praise. It explicitly identifies specific strengths in the student’s actual writing, such as the clear thesis, logical progression, focus on family responsibilities, strong grammar and punctuation, and especially the real-world examples about students working to support their families. These acknowledgments are specific, grounded in details from the essay, and framed in terms of writing choices and argument strategies that the student used effectively. Because the feedback clearly names useful, well-done parts of the student’s response as strengths and as foundations for further improvement, it meets the criterion."
9th grade,ELA,Argumentative,Should schools push back start times to later in the morning?,Developing,d4.4,Against — focuses on bus transportation and childcare scheduling problems for families,"Act as a 9th grade student and write an DEVELOPING ELA argumentative essay (400-600 words) who puts in a reasonable but not exceptional effort on the topic: {Should schools push back start times to later in the morning?} taking the position: {Against — focuses on bus transportation and childcare scheduling problems for families}. State your opinion but keep it somewhat general. Give 2-3 reasons; explain some of them but leave others just stated without much backup. Mention that some people might disagree, but only in passing don't really engage with why. Connect ideas but not using varied transitions. Include a few small grammar or spelling slips that don't get in the way of understanding. ","I don't believe schools should push back their start times, mainly because of how much it would disrupt bus transportation and childcare for families across the district. School bus schedules aren't as simple as people think, districts usually run the same buses and drivers for elementary, middle, and high school at staggered times throughout the morning. If you change the high school start time, you basically have to redo the entire schedule for every other school too, which takes a lot of planning and money that a lot of districts don't really have extra of.

There's also a driver shortage in a lot of areas, which means some drivers already run more than one route back to back. If start times shift later for high schoolers, it could bump into the elementary school's schedule, and then younger kids might end up waiting longer for buses or getting dropped off later than parents expect, which causes its own problems for working families.

Childcare is another issue that doesn't get brought up enough in this conversation. A lot of parents rely on before and after school programs that are scheduled tightly around current school hours. If school starts and ends later, parents who drop kids off on their way to work would need a new plan, and daycare programs would have to shift their hours too, which isn't always possible since some of them are already full or short staffed.

I understand that sleep science is a real concern, and I'm not saying student sleep doesn't matter, because it clearly does. But I think a full schedule shift creates a lot of new problems for families, bus companies, and daycare providers just to fix one problem for students, and that trade off doesn't feel worth it to me. There might be smaller ways to help with the sleep issue, like limiting early morning classes or being more flexible with homework deadlines, that don't require flipping the entire transportation and childcare system upside down.

Overall, while I sympathize with tired students, I think the logistics of buses and childcare make this change a lot more complicated than people realize, and those effects would end up hurting families just as much as the current schedule hurts students. Before making a change this big, districts would need a real plan for transportation and childcare, worked out with drivers, providers, and parents, not just good intentions.",400,7/28/2026,"Strong, A-",7/29/2026,"Feedback
9

/

10

Summary
You did a great job maintaining a logical argument about the complexities of school scheduling. Your writing shows a strong command of language and a clear understanding of the logistical challenges involved.

3 Things You Did Well
Your use of logical transitions between points like logistics and childcare helped the audience follow your reasoning without getting lost.
You provided very strong, practical reasons for your claim, such as the financial and planning burdens that districts face when trying to redo entire schedules.
Your ability to maintain a consistent and clear argument throughout the entire piece made your conclusion about the impact on families feel earned and persuasive.
2 Things to Improve
To make your argument more convincing, try adding specific data or cited facts. For example, instead of saying districts don't have 'extra' money, you could write: 'According to the Department of Education, a single district might face a 10% increase in transportation costs to add more bus routes.'
Watch out for comma splices where you join two full sentences with only a comma. Instead of writing, 'School bus schedules aren't simple, districts usually run the same buses,' try using a semicolon or a period: 'School bus schedules aren't simple; districts usually run the same buses.'
1 Question I Still Have
Research one specific statistic regarding bus driver shortages or school budget costs and practice integrating it into your next draft using a formal citation.
Rubric
1) Purpose/Organization

You have maintained a clear and consistent argument throughout your essay, using logical transitions to connect your points about logistics and childcare. ""Overall, while I sympathize with tired students, I think the logistics of buses and childcare make this change a lot more complicated than people realize, and those effects would end up hurting families just as much as the current schedule hurts students.""

Score

4
2) Evidence/Elaboration

You provide strong, logical reasons to support your claim, although your argument would be even more convincing with the inclusion of specific data or cited facts from outside sources. ""If you change the high school start time, you basically have to redo the entire schedule for every other school too, which takes a lot of planning and money that a lot of districts don't really have extra of."" To improve, try to integrate specific evidence from research or articles, such as statistics on bus driver shortages or specific costs associated with rescheduling.

Score

3
3) Conventions

You demonstrate a strong command of grammar and punctuation, though you should watch out for comma splices where two independent clauses are joined without a conjunction. ""School bus schedules aren't as simple as people think, districts usually run the same buses and drivers for elementary, middle, and high school at staggered times throughout the morning.""

Score

2
",9/10,7/29/2026,1,1,1,1,1,1,"The student response contains several meaningful strengths: a clear claim against pushing back school start times, sustained reasoning about transportation and childcare, logical organization across paragraphs, and a nuanced acknowledgment of the opposing concern about sleep science. The teacher feedback does more than give generic praise. It explicitly names specific strengths in the student’s essay, such as the logical transitions between logistics and childcare, the practical reasons about financial and planning burdens, and the consistent argument that makes the conclusion persuasive. These acknowledgments are tied directly to content actually present in the student text, including the discussion of redoing schedules and the impact on families. The feedback also frames these strengths in terms of the student’s writing choices and reasoning process rather than fixed traits alone. Because the feedback specifically and authentically acknowledges useful strengths grounded in the student’s actual response, it meets the criterion."
9th grade,ELA,Argumentative,Should schools push back start times to later in the morning?,Strong,s4.1,For — focuses on teen sleep science and biological circadian rhythms,"Act as a 9th grade student and write an STRONG ELA argumentative essay (400-600 words) who cared about this assignment and revised it before turning it in on the topic: {Should schools push back start times to later in the morning?} taking the position: {For — focuses on teen sleep science and biological circadian rhythms}. Open by stating your opinion clearly. Give 3+ reasons with real-world examples or facts to back each one up, explaining how each connects to your point. Bring up a reason someone might disagree with you, and respond to it. Use different ways to connect your ideas. Wrap up by restating your point in a new way. Keep spelling and grammar clean. 
","Schools should push back their start times because doing so aligns with the biological reality of the teenage brain and gives students a genuine chance to succeed. This isn't a matter of teenagers simply preferring to sleep in; it's a matter of science.

During adolescence, the body's internal clock shifts. Research from the American Academy of Pediatrics explains that puberty delays the release of melatonin, the hormone that signals the brain it's time to sleep, by one to two hours compared to childhood. That means a fifteen-year-old's body may not feel ready for sleep until 11 p.m., no matter how disciplined they are about their bedtime. When schools start at 7:30 a.m. or earlier, students are forced to wake up before their bodies have completed a full sleep cycle, which explains why so many of us feel foggy and exhausted by first period regardless of how ""responsible"" we try to be the night before.

This sleep deprivation has consequences beyond just feeling tired. The CDC reports that insufficient sleep in teenagers is linked to higher rates of depression, weakened immune function, and even increased risk of car accidents caused by drowsy driving. When school districts like those in Seattle delayed start times by nearly an hour, researchers documented real results: attendance improved, and students in the study gained an average of 34 minutes of sleep per night, along with measurable improvements in grades. These aren't isolated anecdotes; they're outcomes backed by actual data from a real policy change.

Some people argue that later start times would simply cause teenagers to stay up later and cancel out any benefit. However, sleep studies specifically tracked this concern and found that students did not significantly delay their bedtimes when start times shifted later; instead, they gained the extra sleep, because their bedtime was already set by their biological clock rather than by the time they had to wake up. In other words, teenagers weren't choosing to stay up late out of laziness, their bodies were already wired that way, and a later start time simply matched the schedule to the biology instead of fighting against it.

Ultimately, asking teenagers to perform their best on a schedule that works against their own biology isn't fair, and it isn't effective. Just as we wouldn't expect an adult to function well after being repeatedly woken up mid-sleep-cycle, we shouldn't expect that from students either. Pushing back school start times isn't about convenience or comfort; it's about designing a system that actually supports how teenage brains are built to function. When schools work with biology instead of against it, students show up more rested, more focused, and more ready to learn.",444,7/28/2026,"Strong, A",7/29/2026,"Feedback
10

/

10

Summary
You have written a highly persuasive and well-organized essay that effectively connects biological science to school policy. Your use of credible sources and sophisticated sentence structures makes your argument about sleep cycles very compelling.

3 Things You Did Well
Your use of strong transitions helps the reader follow your logic, especially when you explain that later start times work with biology rather than against it.
You included specific evidence from the American Academy of Pediatrics and the CDC, which makes your points about student safety and mental health feel authoritative and convincing.
Your command of complex sentence structures is impressive, allowing you to explain difficult concepts like sleep cycles and morning exhaustion with great clarity and professional polish.
2 Things to Improve
To make your argument even more persuasive, try to anticipate and address a counter-argument within your body paragraphs. For example, you could add: 'While some argue that later start times would disrupt after-school sports, the health benefits for the entire student body outweigh the scheduling challenges.'
Consider using more varied transition words to move between different types of evidence. Instead of starting with 'The CDC reports,' you could try a structure like: 'Beyond the biological impact, there are also serious safety concerns; for instance, the CDC links sleep deprivation to increased car accidents.'
1 Question I Still Have
Practice integrating one 'rebuttal' sentence into your next draft to show you have considered multiple perspectives on the topic.
Rubric
1) Purpose/Organization

You have written a very clear and organized essay that uses strong transitions to connect the biological facts of sleep to the benefits of changing school schedules. ""In other words, teenagers weren't choosing to stay up late out of laziness, their bodies were already wired that way, and a later start time simply matched the schedule to the biology instead of fighting against it.""

Score

4
2) Evidence/Elaboration

Your argument is well-supported by specific references to the American Academy of Pediatrics and the CDC, which makes your claims about melatonin and student safety very convincing. ""The CDC reports that insufficient sleep in teenagers is linked to higher rates of depression, weakened immune function, and even increased risk of car accidents caused by drowsy driving.""

Score

4
3) Conventions

You demonstrate an excellent command of conventions, including correct grammar, punctuation, and sentence structure throughout your essay. For example, you correctly use complex sentence structures: ""When schools start at 7:30 a.m. or earlier, students are forced to wake up before their bodies have completed a full sleep cycle, which explains why so many of us feel foggy and exhausted by first period regardless of how \""responsible\"" we try to be the night before.""

Score

2
",10/10,7/29/2026,1,1,1,1,1,1,"The student response contains many clear strengths: a strong claim, logical organization, effective use of evidence from named sources, a counterargument paragraph, and polished sentence structure. The teacher feedback explicitly identifies several of these strengths in a way that is specific to the essay. For example, it praises the connection between biological science and school policy, names the American Academy of Pediatrics and the CDC as effective evidence, and points to the student’s explanation that later start times work with biology rather than against it. The feedback also quotes specific sentences from the essay in the rubric sections, which grounds the praise in the student’s actual writing. In addition, the praise is framed around writing moves and strategies—using transitions, integrating evidence, and employing complex sentence structures—rather than fixed traits alone. Because the feedback clearly and specifically acknowledges strengths anchored in the student’s work, it meets the criterion."
9th grade,ELA,Argumentative,Should schools push back start times to later in the morning?,Strong,s4.2,For — focuses on improved academic performance and attendance with more sleep,"Act as a 9th grade student and write an STRONG ELA argumentative essay (400-600 words) who cared about this assignment and revised it before turning it in on the topic: {Should schools push back start times to later in the morning?} taking the position: {For — focuses on improved academic performance and attendance with more sleep}. Open by stating your opinion clearly. Give 3+ reasons with real-world examples or facts to back each one up, explaining how each connects to your point. Bring up a reason someone might disagree with you, and respond to it. Use different ways to connect your ideas. Wrap up by restating your point in a new way. Keep spelling and grammar clean. 
","Schools should push back their start times because doing so directly improves how well students perform academically and how consistently they show up to class. When the goal of school is for students to actually learn, the schedule should be designed to support that goal instead of working against it.

One of the clearest reasons for this change is attendance. Teachers regularly report that first-period classes have noticeably higher rates of tardiness and absences than later periods, and that pattern isn't a coincidence, it reflects the fact that students are physically struggling to be present and alert that early in the morning. When a district like Seattle Public Schools pushed its high school start time back by roughly an hour, researchers tracking the change found measurable increases in both attendance and median grades, along with a meaningful drop in tardiness. These weren't small, feel-good improvements; they were statistically significant results that show a direct link between start time and student performance.

Academic performance follows a similar pattern. Studies comparing test scores across different class periods have found that students consistently perform worse on assessments taken during early morning periods compared to the exact same material tested later in the day. This suggests that the issue isn't the difficulty of the material or students' effort, but rather the fact that a tired brain simply cannot process and recall information as effectively as a rested one. If schools are serious about closing achievement gaps and raising overall performance, addressing something as fixable as start time seems like a logical place to start.

Critics of this change often argue that pushing back start times would simply shift the problem later in the day, cutting into time for extracurriculars or after-school jobs. This is a legitimate concern, and it deserves a real answer rather than being dismissed. However, several districts that made this shift successfully adjusted practice schedules and found that the academic gains outweighed the scheduling friction, especially once coaches and employers adapted. In other words, the logistical challenges are real, but they are solvable, whereas the biological reality of teenage sleep needs isn't something a schedule can simply override.

In the end, if attendance and academic performance are genuine priorities for schools, then start times need to reflect what actually helps students succeed rather than what has simply always been convenient for the adults running the system. The evidence from real districts that made this change speaks for itself: better attendance, stronger grades, and fewer disruptions to learning. Pushing back the bell isn't a radical idea; it's a data-backed adjustment that puts student performance first.",433,7/28/2026,"Strong, A",7/29/2026,"Feedback
10

/

10

Summary
You delivered a highly persuasive and professional essay that effectively uses research to support your claims. Your writing is clear, logical, and demonstrates a strong command of academic language.

3 Things You Did Well
Your use of specific data, such as the Seattle Public Schools study, provides concrete proof that later start times lead to better grades and attendance.
You used sophisticated punctuation, like colons, to clearly list benefits and make your arguments easier for the reader to follow.
Your ability to handle opposing views is excellent; you logically explained that while logistics can be fixed, biological sleep needs cannot be changed.
2 Things to Improve
To make your transitions even smoother, try using more varied linking phrases between paragraphs. For example, instead of just starting a new point, you could write: 'Beyond the academic benefits, the physical health of students also demands a schedule shift.'
While your evidence is strong, you can deepen your analysis by explaining the 'why' behind the data more often. Instead of just stating grades went up, you could add: 'This suggests that when students are well-rested, their brains are more capable of processing complex information during morning lessons.'
1 Question I Still Have
Practice writing three different transition sentences for your current body paragraphs to see which one creates the most natural flow between your ideas.
Rubric
1) Purpose/Organization

You have written a very well-structured essay with a clear claim and a logical progression of ideas that includes a strong rebuttal to opposing views. ""In other words, the logistical challenges are real, but they are solvable, whereas the biological reality of teenage sleep needs isn't something a schedule can simply override.""

Score

4
2) Evidence/Elaboration

You provide strong, specific evidence from research and real-world examples to support your arguments regarding attendance and academic success. ""When a district like Seattle Public Schools pushed its high school start time back by roughly an hour, researchers tracking the change found measurable increases in both attendance and median grades, along with a meaningful drop in tardiness.""

Score

4
3) Conventions

You demonstrate an excellent command of conventions through sophisticated sentence structures and precise grammar with almost no errors. For example, you correctly use a colon to introduce a list of benefits: ""The evidence from real districts that made this change speaks for itself: better attendance, stronger grades, and fewer disruptions to learning.""

Score

2
",10/10,7/29/2026,1,1,1,1,1,1,"The student response contains many clear strengths: a strong claim, logical organization, use of specific evidence (including Seattle Public Schools), thoughtful explanation of attendance and academic performance, and a developed counterargument. The teacher feedback directly acknowledges these strengths in multiple places. It explicitly praises the essay as ""highly persuasive and professional"" and then names specific successful features such as the Seattle study, sophisticated punctuation, and the handling of opposing views. The rubric comments also quote exact lines from the student essay and explain why those parts are effective. This is not generic praise; it is specific, grounded in the student's actual writing, and framed in terms of writing moves and reasoning strategies the student used. Therefore, the feedback clearly meets the criterion of acknowledging strength."
9th grade,ELA,Argumentative,Should schools push back start times to later in the morning?,Strong,s4.3,Against — focuses on logistical conflicts with after-school sports/jobs/family schedules,"Act as a 9th grade student and write an STRONG ELA argumentative essay (400-600 words) who cared about this assignment and revised it before turning it in on the topic: {Should schools push back start times to later in the morning?} taking the position: {Against — focuses on logistical conflicts with after-school sports/jobs/family schedules}. Open by stating your opinion clearly. Give 3+ reasons with real-world examples or facts to back each one up, explaining how each connects to your point. Bring up a reason someone might disagree with you, and respond to it. Use different ways to connect your ideas. Wrap up by restating your point in a new way. Keep spelling and grammar clean. ","While the sleep science behind later school start times is compelling, I believe schools should not push back their start times, because doing so would create serious logistical conflicts for athletics, employment, and family responsibilities that outweigh the potential benefits.

Consider after-school athletics first. High school sports practices and games are already scheduled tightly around current dismissal times, and many outdoor sports depend on available daylight, especially during fall and winter seasons when the sun sets as early as 4:30 p.m. If school let out even an hour later, teams would lose critical daylight practice time or be forced to install expensive stadium lighting that many districts simply cannot afford. Athletic directors in districts that have considered this change have specifically cited daylight and field availability as major barriers, not minor inconveniences.

Part-time employment presents an equally serious problem. According to the Bureau of Labor Statistics, a significant portion of high school students work part-time jobs, often to support their families financially. These students' work shifts are built around the current school schedule, and employers, particularly in retail and food service, depend on teen employees being available during peak after-school hours. Pushing school start and end times later would directly cut into that availability, potentially costing students their jobs or reducing their hours at a time when many families can't absorb that lost income.

Family logistics compound these issues further. Many students, especially in households with working parents, are responsible for picking up younger siblings from elementary or middle school each day. Because most districts stagger start times specifically so that older students can handle this responsibility, shifting the high school schedule later would break that arrangement entirely, forcing families to find and pay for alternative childcare on short notice.

Supporters of later start times would rightly point out that sleep deprivation carries real academic and health costs, and I don't dispute that research. But the solution to a biological problem doesn't have to be a full schedule overhaul that disrupts sports, jobs, and family care for an entire district. Alternative approaches, such as limiting early ""zero period"" classes, adjusting homework load, or staggering only certain grade levels, could address student fatigue without triggering the cascade of logistical problems a full schedule shift would cause.

Ultimately, school schedules don't exist in isolation, they're woven into an entire community's routines, from coaches' practice plans to parents' work hours to employers' staffing needs. Any responsible policy change has to weigh the wellbeing of students against the real, practical disruption to the families and systems that depend on the current schedule, and in this case, the logistical costs are simply too high to ignore.",441,7/28/2026,"Strong, A",7/29/2026,"Feedback
10

/

10

Summary
You delivered a highly persuasive and well-organized argument that clearly explains the logistical challenges of changing school start times. Your use of specific evidence and sophisticated sentence structures made your position very professional and easy to follow.

3 Things You Did Well
Your logical progression made your position easy to follow because you linked the sleep science debate directly to practical conflicts like athletics and family schedules.
You used specific, real-world examples like stadium lighting costs and childcare dynamics, which helped the audience visualize the actual financial and social impact of your argument.
Your strongest asset was your sophisticated writing style and command of conventions, which gave your essay a professional and authoritative tone.
2 Things to Improve
To make your transitions even smoother, try using more varied introductory phrases to connect your paragraphs. For example, instead of starting a new point directly, you could say: 'Beyond the financial costs of lighting, we must also consider the strain on family childcare routines.'
While your sentence structure is advanced, be careful with comma splices where two full thoughts are joined only by a comma. You can fix this by using a semicolon or a period; for instance, change 'school schedules don't exist in isolation, they're woven into...' to 'school schedules don't exist in isolation; they are woven into...'
1 Question I Still Have
Review your draft for long sentences containing two independent thoughts and practice using semicolons or breaking them into two sentences to ensure perfect grammatical flow.
Rubric
1) Purpose/Organization

You have constructed a strong, unified argument with a clear thesis and logical progression that makes your position easy to follow. ""While the sleep science behind later school start times is compelling, I believe schools should not push back their start times, because doing so would create serious logistical conflicts for athletics, employment, and family responsibilities that outweigh the potential benefits.""

Score

4
2) Evidence/Elaboration

You provide thorough support for your claim by elaborating on specific real-world consequences like stadium lighting costs and family childcare dynamics. ""If school let out even an hour later, teams would lose critical daylight practice time or be forced to install expensive stadium lighting that many districts simply cannot afford.""

Score

4
3) Conventions

You demonstrate a strong command of conventions with correct punctuation and sophisticated sentence structure throughout your essay. For example, you correctly use a comma and a conjunction to connect ideas in the sentence: ""Ultimately, school schedules don't exist in isolation, they're woven into an entire community's routines, from coaches' practice plans to parents' work hours to employers' staffing needs.""

Score

2
",10/10,7/29/2026,1,1,1,1,1,1,"The student response contains multiple clear strengths: a precise thesis, strong organization, specific examples (athletics, jobs, family logistics), a counterargument, and a polished style. The teacher feedback does more than give generic praise; it explicitly identifies several concrete strengths in the student’s actual essay, such as the logical progression, the link between sleep science and practical conflicts, and the use of examples like stadium lighting costs and childcare dynamics. It also quotes the student’s thesis and a body-example sentence in the rubric, showing clear grounding in the student text. The praise is framed around writing moves and effectiveness (organization, evidence use, tone), not just traits. Although one conventions comment is somewhat inconsistent, the overall feedback clearly acknowledges specific strengths tied to the student’s work. Therefore, the criterion is met."
9th grade,ELA,Argumentative,Should schools push back start times to later in the morning?,Strong,s4.4,Against — focuses on bus transportation and childcare scheduling problems for families,"Act as a 9th grade student and write an STRONG ELA argumentative essay (400-600 words) who cared about this assignment and revised it before turning it in on the topic: {Should schools push back start times to later in the morning?} taking the position: {Against — focuses on bus transportation and childcare scheduling problems for families}. Open by stating your opinion clearly. Give 3+ reasons with real-world examples or facts to back each one up, explaining how each connects to your point. Bring up a reason someone might disagree with you, and respond to it. Use different ways to connect your ideas. Wrap up by restating your point in a new way. Keep spelling and grammar clean. ","Although later school start times are often framed as a simple fix for tired teenagers, I believe schools should not make this change, because of the significant disruption it would cause to bus transportation systems and childcare arrangements that families depend on every single day.

Start with transportation. Most school districts operate on a tiered busing system, where the same fleet of buses and drivers serves elementary, middle, and high schools at staggered times throughout the morning in order to save money and account for a limited number of vehicles and drivers. According to the National Association for Pupil Transportation, many districts across the country are already facing a shortage of qualified bus drivers. If high school start times shift later, districts would need to completely redesign these staggered routes, which could mean either hiring significantly more drivers, a cost many districts genuinely cannot afford, or pushing other schools' schedules into times that are worse for those students and their families.

Childcare represents an equally pressing concern. Many working parents rely on before and after-school programs that are scheduled tightly around the current start and dismissal times. If schools start later, parents who need to be at work early would either need to find new before-school care, which isn't guaranteed to be available given how full many childcare programs already are, or leave children waiting outside school buildings before doors even open, an unsafe situation no district wants to create. On the other end of the day, after-school programs and daycare facilities often have their own fixed closing times, meaning a later dismissal could leave working parents scrambling to arrange pickup or facing fees for late pickups they can't avoid.

I recognize that sleep researchers have found real, measurable benefits to later start times, including improved attendance and academic performance, and those findings deserve to be taken seriously. However, I believe the conversation around this issue often overlooks just how deeply school schedules are embedded in the broader logistics of a community, including bus contracts, driver availability, and childcare infrastructure that took years to build around the current system. A rushed schedule change risks solving one problem for students while creating new, serious problems for the families and support systems that make attending school possible in the first place.

Rather than a full-scale schedule shift, districts could explore smaller, more targeted solutions, such as adjusting only certain grade levels or reducing the number of very early ""zero period"" classes, that address sleep concerns without dismantling transportation and childcare systems that families rely on. In the end, any change to school start times has to account for the full web of logistics surrounding it, and until transportation and childcare challenges are realistically solved, pushing back the bell creates more problems than it fixes.",462,7/28/2026,"Strong, A",7/29/2026,"Feedback
10

/

10

Summary
You delivered a highly organized and persuasive argument that effectively balances logistical evidence with complex sentence structures. Your ability to address the practical challenges of school scheduling makes your essay both realistic and compelling.

3 Things You Did Well
Your use of specific evidence, such as the data from the National Association for Pupil Transportation, adds great credibility and helps the audience understand the severity of the bus driver shortage.
You used sophisticated sentence structures to explain the tiered busing system, which clearly showed the audience how elementary, middle, and high school schedules are interconnected.
Your conclusion was exceptionally strong because it tied the 'web of logistics' together, leaving the reader with a clear and memorable understanding of why transportation and childcare must be solved first.
2 Things to Improve
To make your transitions even smoother, try using 'bridge sentences' that link the previous idea to the next one. For example, instead of just starting a new paragraph about childcare, you could write: 'Beyond the roads, these scheduling shifts also create a ripple effect for families who rely on older siblings for childcare.'
While your evidence is strong, you can make your counter-arguments more impactful by directly 'rebutting' them within the same paragraph. Instead of just acknowledging sleep research, try a structure like: 'While sleep experts argue that later starts improve mental health (Point A), these benefits are often negated when students lose after-school hours for homework and rest due to late bus arrivals (Counter-point B).'
1 Question I Still Have
Practice writing three 'bridge sentences' for your next draft to connect your main body paragraphs more fluidly.
Rubric
1) Purpose/Organization

You have constructed a very well-organized essay with a clear thesis, logical transitions between paragraphs, and a strong conclusion. ""In the end, any change to school start times has to account for the full web of logistics surrounding it, and until transportation and childcare challenges are realistically solved, pushing back the bell creates more problems than it fixes.""

Score

4
2) Evidence/Elaboration

You provide strong evidence regarding busing logistics and childcare needs while acknowledging opposing views on sleep research. ""According to the National Association for Pupil Transportation, many districts across the country are already facing a shortage of qualified bus drivers.""

Score

4
3) Conventions

You demonstrate an excellent command of conventions, including sophisticated sentence structure and precise grammar throughout your essay. For example, you wrote: ""Most school districts operate on a tiered busing system, where the same fleet of buses and drivers serves elementary, middle, and high schools at staggered times throughout the morning in order to save money and account for a limited number of vehicles and drivers.""

Score

2
",10/10,7/29/2026,1,1,1,1,1,1,"The student response contains several clear strengths: a precise thesis, strong organization, specific evidence about transportation, an acknowledgment of counterarguments, and a thoughtful conclusion that synthesizes the essay’s main ideas. The feedback explicitly identifies multiple strengths in the student’s actual writing. It praises the essay’s organization and persuasiveness, points to the National Association for Pupil Transportation evidence as adding credibility, highlights the explanation of the tiered busing system, and names the conclusion’s 'web of logistics' idea as especially effective. These acknowledgments are specific, grounded in quotations and details from the student text, and framed around the student’s writing moves and reasoning rather than vague traits. Because the feedback clearly and specifically acknowledges useful strengths in the response, it meets the criterion."
9th grade,ELA,Argumentative,Should students be allowed to use AI tools (like ChatGPT) for homework?,Weak,w5.1,"For — focuses on AI as a legitimate learning aid, similar to calculators or spell-check","Act as a 9th grade student and write an WEAK ELA argumentative essay (400-600 words) who is rushing to finish before the bell rings on the topic: {Should students be allowed to use AI tools (like ChatGPT) for homework?} taking the position: {For — focuses on AI as a legitimate learning aid, similar to calculators or spell-check}. State it in one flat sentence without explaining why. Give 1-2 reasons but don't explain how they connect to your opinion. Don't respond to anyone who might disagree with you. Jump between ideas without connecting them. Include a few run-on sentences and at least one sentence where the subject and verb don't agree. End abruptly without wrapping up. Include repetitive transitions. 
","Students should be allowed to use AI for homework. AI is basically the same thing as a calculator. Everybody already uses spell-check anyway so whats the big deal. Teachers act like its cheating but its not, its just a tool, and tools is what we're supposed to use in school and also in life. Also AI can help you when your stuck on a problem and there's nobody around to ask, like at 11 at night when your parents is asleep and you dont want to bother them. My science teacher literally told us to use a calculator for the hard equations so why is AI any different, i dont get it. Also again AI is a tool. Some kids don't have tutors so AI is like their tutor, it evens the playing field kind of, i think. Homework is supposed to help you learn and AI helps you learn so it should be fine, we use computers for basically everything else in school anyway spell check autocorrect google translate calculators graphing apps and nobody says nothing about those. My cousin uses AI for her college homework and she says its normal now. Again, AI is basically a tool like a calculator. Some people say AI does the work for you but that's not always true it depends on how you use it, but I'm not gonna get into that right now because the bell is about to ring. Anyway AI helps with homework and its basically like spell check, its a tool, and tools are allowed in school so AI should be allowed too. Like i said tools are important and this is just another one. Kids needs to be able to use technology because thats the world we live in now, technology is everywhere and it keeps growing every year. Also I think AI actually can make you smarter because it explains stuff in different ways than the teacher does sometimes, which is helpful, so thats another reason. Basically school should let us use it more.",335,7/28/2026,"developing, C",7/29/2026,"Feedback
6

/

10

Summary
You did a great job arguing that AI is a helpful tool for students, much like a calculator or spell-check. Your passion for the topic is clear and makes your perspective very relatable.

3 Things You Did Well
You used a great analogy by comparing AI to a calculator, which helps the audience understand that technology is meant to assist with difficult tasks.
Your use of personal anecdotes, like mentioning your science teacher's advice, makes your argument feel authentic and grounded in real school experiences.
You maintained a very consistent and clear central claim throughout your work, ensuring the audience never lost sight of your main point that AI should be allowed in schools.
2 Things to Improve
To make your writing more professional, try using a formal introduction and conclusion to separate your ideas instead of repeating the same point. For example, instead of jumping straight into the tool argument, you could start with: 'Artificial Intelligence is changing how we learn, and it should be embraced in the classroom just like the tools that came before it.'
You can strengthen your argument by adding specific facts alongside your personal stories to show that experts agree with you. Instead of just saying 'everyone uses spell-check,' you could write: 'According to recent studies, over 80% of students use digital writing assistants, proving that AI is already a standard part of modern education.'
1 Question I Still Have
Practice organizing your next draft by creating a three-part outline (Introduction, Evidence, and Conclusion) and checking your work for contractions like 'what's' and 'it's' before submitting.
Rubric
1) Purpose/Organization

You maintain a consistent claim that AI is a tool, but your organization is somewhat repetitive and lacks a formal introduction and conclusion to separate your ideas. ""Anyway AI helps with homework and its basically like spell check, its a tool, and tools are allowed in school so AI should be allowed too."" Try to group your ideas into distinct paragraphs with clear transitions instead of repeating the same point about AI being a tool like a calculator.

Score

2
2) Evidence/Elaboration

You provide several reasons why AI is helpful, such as acting as a tutor, but your evidence relies mostly on personal anecdotes rather than specific facts or source data. ""My science teacher literally told us to use a calculator for the hard equations so why is AI any different, i dont get it."" To strengthen your argument, you should include specific evidence or data from external sources instead of relying solely on personal experiences and hypothetical scenarios.

Score

2
3) Conventions

You demonstrate an adequate command of conventions, although you have some minor errors in apostrophe usage and subject-verb agreement. For example, you wrote, ""Everybody already uses spell-check anyway so whats the big deal."" To improve, remember to use apostrophes for contractions like ""what's"" or ""it's,"" and ensure your subjects and verbs match, such as saying ""parents are"" instead of ""parents is.""

Score

2
",6/10,7/29/2026,1,1,1,1,1,1,"The student response contains several identifiable strengths: a clear central claim that AI should be allowed for homework, a repeated analogy comparing AI to calculators and spell-check, and personal examples such as the science teacher anecdote and the late-night help/tutor idea. The feedback does more than give generic praise. It explicitly names specific strengths in the student’s actual writing: the calculator analogy, the personal anecdote about the science teacher, and the consistent central claim. These are all grounded in the student text and described as helpful to the argument. The feedback also frames these strengths in terms of writing moves and argument strategies (using analogy, using anecdotes, maintaining a claim), not fixed traits. Because the feedback specifically and authentically acknowledges useful elements of the student’s work, it meets the criterion."
9th grade,ELA,Argumentative,Should students be allowed to use AI tools (like ChatGPT) for homework?,Weak,w5.2,For — focuses on preparing students for a workforce where AI literacy is essential,"Act as a 9th grade student and write an WEAK ELA argumentative essay (400-600 words) who is rushing to finish before the bell rings on the topic: {Should students be allowed to use AI tools (like ChatGPT) for homework?} taking the position: {For — focuses on preparing students for a workforce where AI literacy is essential}. State it in one flat sentence without explaining why. Give 1-2 reasons but don't explain how they connect to your opinion. Don't respond to anyone who might disagree with you. Jump between ideas without connecting them. Include a few run-on sentences and at least one sentence where the subject and verb don't agree. End abruptly without wrapping up. Include repetitive transitions. 
","Students should be allowed to use AI for homework. Jobs is going to need AI skills in the future. My uncle work in an office and he said his whole company uses AI now for emails and reports and stuff, so if we dont learn it now we gonna be behind everybody else when we get a job. Also schools is supposed to prepare us for the real world right, thats literally the point of school, so it dont make sense to ban the thing thats gonna be everywhere when we grow up. Anyway I think banning AI is dumb because your basically telling us to ignore something that every job is gonna use. Like I said jobs need AI skills. Kids that dont learn AI now gonna have a harder time later, thats just facts. Also robots and computers already do a lot of jobs that people used to do, so if we dont learn AI we might not even get a job at all one day, thats scary honestly. My sister she's in college and her professors literally teach her how to use AI the right way, so if colleges is fine with it why cant high school be the same. Again schools should be preparing us for later not the past. We dont use typewriters anymore either, things change. Some people is gonna disagree probably but I dont really have time to explain all that right now. Also i think its kind of unfair that adults get to use AI at their jobs but we cant use it for a homework assignment, that dont make sense to me. The world is changing so fast and school feel like its stuck in the past sometimes, not all the time but sometimes. AI literacy, thats a real word my teacher used, is gonna be important for basically every career, not just tech jobs, even like writing jobs and business jobs and stuff use it now. So yeah I think we should be allowed to use it for homework because of the jobs thing.",318,7/28/2026,"developing, C",7/29/2026,"Feedback
5

/

10

Summary
You made a clear and convincing argument about why AI skills are necessary for future careers. Your use of personal stories helped make your points relatable and easy to follow.

3 Things You Did Well
You kept a consistent focus on your main claim about AI and job preparation, which helped the reader understand exactly where you stand on the issue.
You used specific personal anecdotes about your uncle and sister, which gave your argument a real-world connection and showed how AI is already being used in offices.
Your ability to communicate your ideas clearly is your strongest asset, as it ensures your audience can follow your logic even when you are discussing complex topics like technology.
2 Things to Improve
To make your writing more professional, try replacing informal slang with formal language and checking your subject-verb agreement. For example, instead of writing 'My uncle work... we gonna be behind,' you should write, 'My uncle works in an office... we are going to be behind.'
You can strengthen your argument by organizing your ideas into a clear structure with an introduction, body, and conclusion. Instead of dismissing other views, try a structure like: 'While some may argue that AI is too complex for schools, it is actually essential because...' followed by a concluding summary.
1 Question I Still Have
Rewrite your current draft by splitting it into three distinct paragraphs and replacing at least three informal words like 'stuff' or 'gonna' with more academic choices.
Rubric
1) Purpose/Organization

You maintain a consistent claim about AI and job preparation, but the essay is a single paragraph and lacks a formal introduction or conclusion. ""Some people is gonna disagree probably but I dont really have time to explain all that right now."" You should organize your essay into multiple paragraphs, including a separate introduction, body paragraphs for each reason, and a conclusion, while fully addressing opposing views instead of dismissing them.

Score

2
2) Evidence/Elaboration

You include personal anecdotes about your uncle and sister to support your argument, but you lack specific facts or data from external sources to strengthen your points. ""My uncle work in an office and he said his whole company uses AI now for emails and reports and stuff, so if we dont learn it now we gonna be behind everybody else when we get a job."" To improve, you should integrate specific evidence from articles or studies about AI in the workforce rather than relying solely on personal stories about your family.

Score

2
3) Conventions

Your writing communicates your points clearly, but there are several errors in subject-verb agreement and informal phrasing like ""gonna"" or ""stuff"" that make it sound less professional. For instance, you wrote, ""My uncle work in an office and he said his whole company uses AI now for emails and reports and stuff, so if we dont learn it now we gonna be behind everybody else when we get a job."" To improve, ensure your subjects and verbs match, such as changing ""My uncle work"" to ""My uncle works,"" and replace informal words like ""gonna"" with ""going to.""

Score

1
",5/10,7/29/2026,1,1,1,1,1,1,"The student response contains several meaningful strengths that could be acknowledged: a clear central claim, consistent focus on the connection between AI and future jobs, and concrete personal examples about the uncle and sister. The feedback does more than give generic praise; it explicitly names these strengths. It says the student made a 'clear and convincing argument' about AI skills and future careers, notes that the personal stories made the points relatable, and later specifies the consistent focus on the main claim and the anecdotes about the uncle and sister. These acknowledgments are directly tied to the student’s actual writing and identify particular features worth building on. The feedback also frames the strengths in terms of writing moves and communicative impact—maintaining a consistent claim, using anecdotes, and helping the reader follow the logic—rather than just flattering the student. Because the praise is specific, anchored, and process-oriented, the feedback meets the criterion."
9th grade,ELA,Argumentative,Should students be allowed to use AI tools (like ChatGPT) for homework?,Weak,w5.3,Against — focuses on AI undermining genuine skill-building and critical thinking,Act as a 9th grade student and write an WEAK ELA argumentative essay (400-600 words) who is rushing to finish before the bell rings on the topic: {Should students be allowed to use AI tools (like ChatGPT) for homework?} taking the position: {Against — focuses on AI undermining genuine skill-building and critical thinking}. State it in one flat sentence without explaining why. Give 1-2 reasons but don't explain how they connect to your opinion. Don't respond to anyone who might disagree with you. Jump between ideas without connecting them. Include a few run-on sentences and at least one sentence where the subject and verb don't agree. End abruptly without wrapping up. Include repetitive transitions. ,"Students should not be allowed to use AI for homework. AI does the thinking for you. If a computer writes your essay you dont actually learn how to write, you just copy what it give you. Also math is the same way, if AI solve the problem you dont learn the steps and then you fail the test because you dont actually know how to do it yourself. My brother used AI for his whole essay last year and he got caught and got a zero, so that's proof its a problem. Homework is supposed to make your brain stronger like a muscle, and if AI do it for you your brain dont get the workout it need. I think a lot of kids is gonna use it as a shortcut instead of actually trying, thats just human nature honestly, people take the easy way when they can. Also teachers give homework so we practice the skill ourselves not so a computer practice it. If AI keep doing our work we not gonna know how to think for ourselves when we get older, and thats a real problem cause life dont come with a chatbot answer key. Critical thinking is important and AI kind of ruins that because you dont have to think as hard when the answer is right there. My cousin says the same thing happen at her school, kids just copy paste now and dont even read what it say half the time. Again homework is for practicing the skill not skipping it. I also think it make kids lazy, not just with homework but with everything, like why try hard at anything if a robot can just do it for you. Teachers is gonna have a hard time knowing whats real anymore too honestly its kind of a mess. Anyway thats why I think AI shouldnt be used for homework, it ruin the whole point of doing homework in the first place which is to learn stuff yourself and get better at it over time through actual practice not shortcuts",330,7/28/2026,"developing, C",7/29/2026,"Feedback
5

/

10

Summary
You did a great job maintaining a consistent argument against using AI for homework by using relatable personal examples. Your writing clearly shows your perspective, though it would benefit from more formal structure and grammar checks.

3 Things You Did Well
You used a personal story about your brother to show the real-life consequences of using AI, which makes your argument feel authentic and relatable to your peers.
You maintained a very clear and consistent stance throughout the entire piece, ensuring the audience never lost track of your main point about the importance of learning through practice.
Your strongest asset is how you connected the idea of 'shortcuts' to the loss of actual learning, which creates a powerful emotional appeal for why doing the work yourself matters.
2 Things to Improve
To make your writing look more professional, organize your ideas into separate paragraphs and use transition words. For example, instead of ending with 'Anyway thats why...', you could start a new concluding paragraph with: 'In conclusion, using AI is a shortcut that prevents students from truly mastering a subject.'
You can improve your formal tone by fixing subject-verb agreement and using apostrophes in contractions. Instead of writing 'if AI do it' or 'thats', try a more polished version like: 'If AI does the work, the student misses out,' or 'That's why it is a problem.'
1 Question I Still Have
Practice rewriting your conclusion using a formal transition word and check your work specifically for missing apostrophes in words like 'don't' and 'it's'.
Rubric
1) Purpose/Organization

You maintain a clear and consistent argument throughout your response, but your writing lacks a formal structure with separate paragraphs for the introduction, body, and conclusion. ""Anyway thats why I think AI shouldnt be used for homework, it ruin the whole point of doing homework in the first place which is to learn stuff yourself and get better at it over time through actual practice not shortcuts"" Try organizing your essay into separate paragraphs and using transitional words like ""furthermore"" or ""consequently"" to connect your ideas more smoothly.

Score

2
2) Evidence/Elaboration

You provide several relevant reasons and personal examples to support your claim, though your evidence relies more on personal anecdotes than on specific facts or sources. ""My brother used AI for his whole essay last year and he got caught and got a zero, so that's proof its a problem."" To strengthen your argument, try to incorporate specific facts or statistics from articles and ensure your subject-verb agreement is correct, such as saying ""AI does"" instead of ""AI do.""

Score

2
3) Conventions

You show a good grasp of organizing your thoughts, but you frequently miss punctuation like apostrophes and have some subject-verb agreement errors that make your writing feel informal. Try to check that your subjects and verbs match, such as changing ""if AI do it"" to ""if AI does it,"" and always use apostrophes in contractions like ""don't"" or ""doesn't.""

Score

1
",5/10,7/29/2026,1,1,1,1,1,1,"The student response contains several meaningful strengths: a clear claim against AI for homework, a consistent line of reasoning, and specific supporting examples such as the brother anecdote and the idea that AI acts as a shortcut that weakens learning. The teacher feedback does more than give generic praise. It explicitly identifies particular strengths in the student’s writing: the consistent argument, the personal story about the brother, and the connection between shortcuts and loss of learning. These acknowledgments are specific, grounded in details actually present in the student text, and they frame the strengths as writing moves and argumentative choices rather than fixed traits. Because the feedback clearly names useful, promising, and well-done elements of the student’s response, it meets the criterion."
9th grade,ELA,Argumentative,Should students be allowed to use AI tools (like ChatGPT) for homework?,Weak,w5.4,Against — focuses on academic integrity and difficulty distinguishing AI-assisted from original work,Act as a 9th grade student and write an WEAK ELA argumentative essay (400-600 words) who is rushing to finish before the bell rings on the topic: {Should students be allowed to use AI tools (like ChatGPT) for homework?} taking the position: {Against — focuses on academic integrity and difficulty distinguishing AI-assisted from original work}. State it in one flat sentence without explaining why. Give 1-2 reasons but don't explain how they connect to your opinion. Don't respond to anyone who might disagree with you. Jump between ideas without connecting them. Include a few run-on sentences and at least one sentence where the subject and verb don't agree. End abruptly without wrapping up. Include repetitive transitions. ,"Students should not be allowed to use AI for homework. Its basically cheating even if some people dont wanna admit it. You cant even tell whats AI and whats a real students work anymore, the teachers dont have a way to know for sure, and that's a huge problem for grades and stuff. My English teacher say she cant always tell if a paper is AI or not even with the detector website, and the detector be wrong sometimes too so thats not even reliable. Also if everybody just use AI then grades dont mean nothing anymore, like whats the point of getting an A if a robot wrote it for you. Some kids work really hard on their homework and its not fair that another kid just type a prompt and get the same grade in five minutes, that make the hard working kids feel like their effort dont even matter. Again you cant tell whats AI so teachers is basically grading blind now. I think thats a huge integrity issue honestly, like the whole system kind of breaks down if nobody know whats real anymore. Cheating is cheating no matter how you dress it up and calling it a ""tool"" dont change what it actually is which is doing work that isnt yours. My friend she got in trouble because her teacher thought she used AI but she didnt, so now even honest kids is getting blamed because of the kids that do use it, which isnt fair to anybody involved. Schools is gonna have to figure out new rules but right now its just chaos honestly and nobody know what to do about it. I also think colleges gonna have a hard time trusting our grades too if this keep happening across the country. Anyway thats why I dont think AI should be allowed, its just too hard to tell whats real and it aint fair to the kids who actually do their own work every single day without cutting corners like that",328,7/28/2026,"developing, C+",7/29/2026,"Feedback
6

/

10

Summary
You did a great job maintaining a consistent argument about the fairness of AI in schools. Your personal observations about the reliability of AI detectors added a relatable and honest perspective to your writing.

3 Things You Did Well
You kept a very clear and consistent stance against AI throughout your work, which helped the reader understand exactly where you stand on the issue.
Your use of personal observations, like the story about your English teacher's struggle with detector websites, made your argument feel authentic and grounded in real-world experience.
Your strongest point was your passionate focus on fairness; you successfully showed the audience why it is unfair to students who put in the hard work every single day without cutting corners.
2 Things to Improve
To make your writing more professional, try using a formal essay structure with a clear introduction and body paragraphs. For example, instead of jumping straight into your points, you could start with: 'While some argue AI is a helpful tool, it actually creates unfairness in the classroom because...' followed by your supporting reasons.
Work on matching your subjects and verbs to improve the flow of your sentences. Instead of saying 'the detector be wrong sometimes,' you should write 'the detector is sometimes wrong,' or change 'effort dont' to 'effort doesn't' to ensure your grammar is polished.
1 Question I Still Have
Rewrite your main argument into a three-part structure (Introduction, Body, Conclusion) and double-check your subject-verb agreement in each sentence.
Rubric
1) Purpose/Organization

You maintain a clear and consistent argument against AI in school, though your essay would benefit from a more formal structure with a distinct introduction, body paragraphs, and a concluding summary. ""Anyway thats why I dont think AI should be allowed, its just too hard to tell whats real and it aint fair to the kids who actually do their own work every single day without cutting corners like that"" To improve, organize your thoughts into separate paragraphs with clear transitions and include an explicit acknowledgement of the opposing view that AI can be a helpful 'tool' before refuting it.

Score

2
2) Evidence/Elaboration

You provide some good personal observations and examples about fairness, but the language is often informal and lacks specific evidence or varied elaborative techniques from external sources. ""My English teacher say she cant always tell if a paper is AI or not even with the detector website, and the detector be wrong sometimes too so thats not even reliable."" Try using more precise vocabulary and formal grammar, and include specific facts or data about AI detection and academic integrity to support your personal anecdotes.

Score

2
3) Conventions

You demonstrate an adequate command of conventions, though you should watch out for subject-verb agreement and the use of informal contractions like ""don't"" without apostrophes. For example, your writing includes several instances where the verb does not match the subject: ""the detector be wrong sometimes too so thats not even reliable."" To improve, practice matching your subjects and verbs more carefully, such as changing ""teachers is"" to ""teachers are"" and ""effort dont"" to ""effort doesn't.""

Score

2
",6/10,7/29/2026,1,1,1,1,1,1,"The student response has several meaningful strengths: it maintains a clear position against AI use for homework, returns repeatedly to a fairness/integrity theme, and includes concrete personal observations such as the English teacher’s difficulty with AI detectors and the friend being falsely accused. The feedback does acknowledge these strengths directly and specifically. It praises the student’s consistent argument, names the personal observations about detector reliability as adding authenticity, and identifies the fairness focus as the strongest point. These comments are tied to ideas actually present in the student’s writing, not generic praise that could apply to any essay. The feedback also frames the strengths in terms of writing moves and argument choices—maintaining a stance, using personal observations, and focusing on fairness—rather than fixed traits. Therefore, the feedback meets the criterion for acknowledging strength."
9th grade,ELA,Argumentative,Should students be allowed to use AI tools (like ChatGPT) for homework?,Developing,d5.1,"For — focuses on AI as a legitimate learning aid, similar to calculators or spell-check","Act as a 9th grade student and write an DEVELOPING ELA argumentative essay (400-600 words) who puts in a reasonable but not exceptional effort on the topic: {Should students be allowed to use AI tools (like ChatGPT) for homework?} taking the position: {For — focuses on AI as a legitimate learning aid, similar to calculators or spell-check}. State your opinion but keep it somewhat general. Give 2-3 reasons; explain some of them but leave others just stated without much backup. Mention that some people might disagree, but only in passing don't really engage with why. Connect ideas but not using varied transitions. Include a few small grammar or spelling slips that don't get in the way of understanding.","I believe students should be allowed to use AI tools like ChatGPT for homework because it can be a helpful learning aid, similar to a calculator or spell-check. AI has become a normal part of life, and using it responsibly for schoolwork isn't much different from tools students already rely on every day.

One reason I think this is because AI can help explain things in a different way than a textbook or teacher might. Sometimes a teacher explains something and it still doesnt click, but when you ask AI to explain it again in simpler words, it can actually help you understand the concept better. This is kind of like how a calculator helps you check your work on a math problem instead of doing all the work for you.

Another reason is that AI can act like a tutor for students who dont have access to one. Not every family can afford a tutor, so having a free tool that can answer questions at any hour is a big advantage, especially for students who are stuck on homework late at night with no one around to help them.

A third reason, though I wont go too deep into it, is that spell-check and grammar tools are already accepted in schools, so it seems a little inconsistent to suddenly draw the line at AI. Calculators used to be controversial too when they first became popular in classrooms, and now almost every math class allows them.

I know some people might disagree and say that AI can just do the work for students, which would be a fair concern in some situations. But I think that mostly depends on how a student chooses to use it, not the tool itself.

In conclusion, I think AI should be treated the same way we treat other learning tools students already use in school. It can support learning instead of replacing it, as long as students use it the right way, and thats really the whole point of having tools available to us in the first place.",348,7/28/2026,"Strong, B+",7/29/2026,"Feedback
7

/

10

Summary
You have built a very logical and well-organized argument regarding the use of AI in schools. Your writing is clear and follows a professional structure that makes your position easy for the reader to follow.

3 Things You Did Well
Your essay follows a consistent structure with a clear introduction and body paragraphs, which helps the audience stay focused on your main argument from start to finish.
You demonstrate excellent control over grammar and punctuation, specifically using commas correctly after introductory phrases to make your sentences flow smoothly.
The way you use logical analogies, such as comparing AI to traditional learning tools, is your strongest asset because it makes complex technology feel familiar and relatable to your readers.
2 Things to Improve
To make your transitions smoother, try using 'bridge' sentences that connect the end of one idea to the start of the next. For example, instead of jumping to a new point, you could write: 'Beyond just explaining concepts differently, AI also offers personalized pacing for every student.'
Strengthen your argument by replacing general statements with specific data or quotes. Instead of saying AI helps explain things, you could write: 'According to a 2023 study by the Department of Education, 60% of students reported that AI tools helped them understand complex math problems better than textbooks alone.'
1 Question I Still Have
Revise your body paragraphs by adding at least one specific statistic or expert quote and using a transitional phrase to link your two main reasons together.
Rubric
1) Purpose/Organization

You have written a clear and consistent argument with a solid structure, including an introduction, body paragraphs, and a brief conclusion. ""In conclusion, I think AI should be treated the same way we treat other learning tools students already use in school."" To reach the highest score, you could strengthen your transitions between paragraphs and provide a more detailed acknowledgement of the opposing view to show a deeper analysis.

Score

3
2) Evidence/Elaboration

You provide several logical reasons to support your claim, though the evidence relies more on general analogies than specific data or cited source material. ""One reason I think this is because AI can help explain things in a different way than a textbook or teacher might."" Try to include more specific facts, statistics, or direct quotes from articles about AI to make your argument more convincing and grounded in evidence.

Score

2
3) Conventions

You demonstrate a strong command of conventions with clear sentence structure and accurate punctuation throughout your essay. For example, you correctly use commas to set off introductory phrases: ""In conclusion, I think AI should be treated the same way we treat other learning tools students already use in school.""

Score

2
",7/10,7/29/2026,1,1,1,1,1,1,"The student’s essay contains several meaningful strengths that could be acknowledged: a clear claim, organized body paragraphs, logical analogies comparing AI to calculators and spell-check, and a brief counterargument. The teacher feedback does explicitly and specifically recognize these strengths. It praises the essay as logical and well-organized, identifies the clear introduction/body structure, points to control over grammar and punctuation, and most importantly names the student’s use of analogies comparing AI to traditional learning tools as a strongest asset. These acknowledgments are anchored in details actually present in the student’s essay, such as the calculator/spell-check comparisons and the concluding structure. The feedback also frames strengths in terms of writing moves and strategies—organization, analogy use, sentence flow—rather than fixed traits alone. Because the feedback identifies specific, evidence-based strengths in the student’s response, it meets the criterion."
9th grade,ELA,Argumentative,Should students be allowed to use AI tools (like ChatGPT) for homework?,Developing,d5.2,For — focuses on preparing students for a workforce where AI literacy is essential,"Act as a 9th grade student and write an DEVELOPING ELA argumentative essay (400-600 words) who puts in a reasonable but not exceptional effort on the topic: {Should students be allowed to use AI tools (like ChatGPT) for homework?} taking the position: {For — focuses on preparing students for a workforce where AI literacy is essential}. State your opinion but keep it somewhat general. Give 2-3 reasons; explain some of them but leave others just stated without much backup. Mention that some people might disagree, but only in passing don't really engage with why. Connect ideas but not using varied transitions. Include a few small grammar or spelling slips that don't get in the way of understanding.","I think students should be allowed to use AI tools for homework because it prepares us for a future workforce where knowing how to use AI will be essential. Almost every industry today is starting to use AI in some way, so it makes sense for schools to teach students how to use it responsibly instead of avoiding it completely.

One reason is that many jobs already expect employees to know how to work with AI tools. For example, businesses use AI for writing emails, analyzing data, and even customer service. If students never get the chance to practice using these tools in school, they might struggle to keep up once they enter the workforce.

Another reason is that AI literacy is becoming just as important as being able to use a computer or the internet. A generation ago, schools had to start teaching students how to use computers because that became a necessary skill, and I think AI is heading in the same direction. Learning how to use it now could give students an advantage later on.

A third reason is that AI is not going away anytime soon, so ignoring it in schools doesn't really make sense. Technology keeps changing, and schools have adjusted before, like when calculators and the internet became normal parts of classrooms.

Some people might argue that relying on AI too early could hurt students in other ways, and that's a fair point worth considering. Even so, I think the benefits of learning to use AI responsibly outweigh the risks, especially if schools teach students how to use it the right way instead of just banning it.

In conclusion, allowing AI in schools could help students build a skill that will matter a lot in their future careers. The workforce is changing fast, and students deserve the chance to be ready for it instead of falling behind.",313,7/28/2026,"Strong, B+",7/29/2026,"Feedback
9

/

10

Summary
You delivered a well-organized and grammatically polished argument for why AI belongs in the classroom. Your logical flow and clear focus made your perspective easy to follow and very persuasive.

3 Things You Did Well
Your use of historical parallels, like comparing AI to the introduction of calculators, was a smart way to help your audience see that technology in schools is a natural evolution.
You maintained an excellent command of grammar and complex sentence structures, which ensured your writing was professional and easy for your readers to understand.
The way you connected AI usage to future career readiness was your strongest point because it gave your audience a practical, real-world reason to support your argument.
2 Things to Improve
To make your argument even more convincing, try adding specific data or expert quotes rather than just general observations. For example, instead of saying 'AI will matter a lot,' you could write: 'According to a 2023 LinkedIn report, 70% of hiring managers value AI literacy, proving that these skills are essential for our future.'
While your connections are solid, you can strengthen your evidence by citing specific sources to back up your claims. Instead of 'schools have adjusted before,' you might try: 'Just as the National Council of Teachers of Mathematics eventually embraced calculators in 1980, schools today should adopt AI to stay current.'
1 Question I Still Have
Research one specific statistic or expert quote about AI in the workforce and practice integrating it into your body paragraphs using a formal citation.
Rubric
1) Purpose/Organization

You maintain a clear and consistent focus on why AI should be allowed in schools and provide a logical progression of ideas with a solid conclusion. ""In conclusion, allowing AI in schools could help students build a skill that will matter a lot in their future careers.""

Score

4
2) Evidence/Elaboration

You provide adequate support by connecting AI to workforce readiness and historical parallels like calculators, though you could include more specific facts or source data to strengthen your points. ""Technology keeps changing, and schools have adjusted before, like when calculators and the internet became normal parts of classrooms."" To improve, you could integrate specific data or expert quotes from external sources to more convincingly back up your claims about the future workforce.

Score

3
3) Conventions

You demonstrate an excellent command of grammar, punctuation, and sentence structure, making your essay very easy to read and follow. For example, you correctly use commas and complex sentence structures in the passage: ""Technology keeps changing, and schools have adjusted before, like when calculators and the internet became normal parts of classrooms.""

Score

2
",9/10,7/29/2026,1,1,1,1,1,1,"The student response contains several clear strengths: it is organized, presents multiple reasons, includes a counterargument, and uses specific ideas such as workforce readiness and the comparison to calculators/internet adoption. The feedback explicitly identifies these strengths in a detailed and accurate way. It praises the essay’s organization and grammar, and it names particular ideas from the student’s writing—especially the historical parallel to calculators and the focus on future career readiness—as strong parts of the argument. This is not generic praise; it is tied directly to features actually present in the essay and explains why those features are effective. The feedback also frames these strengths in terms of writing choices and argumentative moves, such as using historical parallels and connecting claims to practical real-world reasons. Therefore, the feedback clearly acknowledges strength."
9th grade,ELA,Argumentative,Should students be allowed to use AI tools (like ChatGPT) for homework?,Developing,d5.3,Against — focuses on AI undermining genuine skill-building and critical thinking,"Act as a 9th grade student and write an DEVELOPING ELA argumentative essay (400-600 words) who puts in a reasonable but not exceptional effort on the topic: {Should students be allowed to use AI tools (like ChatGPT) for homework?} taking the position: {Against — focuses on AI undermining genuine skill-building and critical thinking}. State your opinion but keep it somewhat general. Give 2-3 reasons; explain some of them but leave others just stated without much backup. Mention that some people might disagree, but only in passing don't really engage with why. Connect ideas but not using varied transitions. Include a few small grammar or spelling slips that don't get in the way of understanding.","I don't think students should be allowed to use AI tools for homework because it can get in the way of real skill-building and critical thinking. Homework is supposed to give students a chance to practice skills on their own, and using AI can take that opportunity away.

One reason for this is that when AI solves a problem or writes an answer for a student, the student doesn't actually go through the process of figuring it out themselves. This matters because the struggle of working through a hard problem is often where the real learning happens, not just getting the correct answer at the end.

Another reason is that relying on AI too much can weaken a student's critical thinking skills over time. If students get used to letting AI think for them, they might have a harder time solving problems independently later, especially during tests when AI isn't allowed.

A third reason, which I won't explain in too much detail, is that homework is one of the few times students get immediate feedback on what they actually understand, and AI can mask gaps in a student's knowledge that a teacher would otherwise catch.

Some people might say AI can be used responsibly as a study tool, and that's true in some cases. But I still think its too easy for students to use it as a shortcut instead of a support, especially when there's no one checking how its actually being used.

In conclusion, I believe AI use for homework should be limited because it can prevent students from building the skills homework is meant to teach. Practicing on our own, even when its hard, is probably still the best way for students to actually learn and improve.",295,7/28/2026,"Strong, B+",7/29/2026,"Feedback
7

/

10

Summary
You have written a well-organized essay with a logical flow and a very clear central claim. Your command of grammar is strong, making your argument easy for the reader to follow from start to finish.

3 Things You Did Well
Your essay follows a logical path from the introduction to the conclusion, which helps the audience understand exactly how your ideas connect.
You provided smart, logical reasons for your stance, such as the insightful point that AI can hide gaps in a student's knowledge that a teacher needs to see.
Your concluding statement is incredibly strong because it perfectly summarizes your main argument about the importance of building skills through homework.
2 Things to Improve
To make your argument more convincing, replace general reasoning with specific evidence like expert quotes. Instead of saying 'A third reason is...', try: 'According to a 2023 study by the Education Trust, students who rely on automated tools show a 15% decrease in retention.'
You can improve your professional tone by checking your apostrophes in contractions. For example, instead of writing 'its too easy,' you should write 'it's too easy' to show the shortened version of 'it is.'
1 Question I Still Have
Research one expert quote or statistic to add to your body paragraphs and proofread your final draft specifically looking for 'it's' versus 'its' to ensure your punctuation is perfect.
Rubric
1) Purpose/Organization

You have written an organized essay with a clear claim and a logical flow from your introduction to your conclusion. ""In conclusion, I believe AI use for homework should be limited because it can prevent students from building the skills homework is meant to teach."" To improve, you could use more varied transitional words between your body paragraphs and provide a more detailed acknowledgement of the opposing argument.

Score

3
2) Evidence/Elaboration

You provide several logical reasons to support your claim, though you would benefit from citing specific facts or external evidence to make your argument more convincing. ""A third reason, which I won't explain in too much detail, is that homework is one of the few times students get immediate feedback on what they actually understand, and AI can mask gaps in a student's knowledge that a teacher would otherwise catch."" You should include specific evidence from sources, such as studies or expert quotes, rather than relying only on your own reasoning.

Score

2
3) Conventions

You demonstrate a strong command of grammar and punctuation, though you should be careful with the use of apostrophes in contractions. For example, you wrote ""But I still think its too easy for students to use it as a shortcut instead of a support, especially when there's no one checking how its actually being used."" To improve, remember to use an apostrophe when writing the contraction for 'it is,' such as changing 'its' to 'it's' in your final paragraphs.

Score

2
",7/10,7/29/2026,1,1,1,1,1,1,"The student text contains multiple clear strengths: a strong central claim, logical organization, several relevant reasons, and a particularly promising point about AI masking gaps in knowledge. The feedback explicitly acknowledges these strengths in a specific and grounded way. It praises the essay’s organization and clear claim, identifies the student’s reasoning as logical, and names a concrete idea from the essay—AI hiding gaps in knowledge—as especially insightful. It also points to the conclusion as a strong summary of the main argument. These acknowledgments are tied directly to features actually present in the student’s writing, not generic praise. The feedback also frames strengths in terms of writing moves and reasoning processes (organization, support, summarizing, argument development), not fixed traits alone. Therefore, the feedback meets the criterion."
9th grade,ELA,Argumentative,Should students be allowed to use AI tools (like ChatGPT) for homework?,Developing,d5.4,Against — focuses on academic integrity and difficulty distinguishing AI-assisted from original work,"Act as a 9th grade student and write an DEVELOPING ELA argumentative essay (400-600 words) who puts in a reasonable but not exceptional effort on the topic: {Should students be allowed to use AI tools (like ChatGPT) for homework?} taking the position: {Against — focuses on academic integrity and difficulty distinguishing AI-assisted from original work}. State your opinion but keep it somewhat general. Give 2-3 reasons; explain some of them but leave others just stated without much backup. Mention that some people might disagree, but only in passing don't really engage with why. Connect ideas but not using varied transitions. Include a few small grammar or spelling slips that don't get in the way of understanding.","I believe students should not be allowed to use AI tools for homework because of the academic integrity issues it creates. It's often very hard to tell the difference between a student's original work and something written by AI, which makes grading and honesty in school more complicated.

One reason for this is that AI detection tools are not always accurate. Some students who write completely on their own get flagged as using AI, while other students who actually did use it manage to avoid detection. This creates an unfair situation where honest students can be wrongly accused while others get away with it.

Another reason is that when students use AI without permission, it isn't really fair to classmates who put in the time and effort to do their own work. Grades are supposed to reflect what a student actually knows and can do, but that becomes unclear when AI is involved and no one can tell for sure whose work it really is.

A third reason, though I won't go too far into it, is that schools haven't fully figured out clear rules for AI yet, so right now it just creates confusion for both students and teachers about what counts as cheating.

Some people might argue that AI is just a tool like spell-check, and I understand why they'd think that. But I think there's a difference between AI fixing small errors and AI generating entire ideas or paragraphs for a student.

In conclusion, I think schools should be cautious about allowing AI for homework until there's a clearer, fairer way to know what work actually belongs to the student. Until then, it puts academic honesty at risk for everyone involved.",292,7/28/2026,"Strong, B+",7/29/2026,"Feedback
8

/

10

Summary
You delivered a well-organized argument with a clear thesis and excellent control over your writing mechanics. Your logical reasoning regarding the fairness of AI detection tools made your position very easy to follow.

3 Things You Did Well
Your logical organization and clear thesis statement helped the audience understand exactly where you stand on the issue of AI in schools.
You used precise punctuation and clear sentence structures, such as correctly placing commas after dependent clauses, which made your writing professional and easy to read.
Your strongest point was your insightful reasoning about the fairness of detection tools; explaining how honest students can be wrongly flagged while others avoid detection created a very persuasive and relatable argument.
2 Things to Improve
To make your writing feel less formulaic, try using varied transitional phrases instead of just numbering your points. For example, instead of saying 'My second reason is...', you could write: 'Beyond the issue of fairness, we must also consider the accuracy of the technology.'
You can make your argument more convincing by adding specific data or quotes from external sources. Instead of just saying detection is hard, you could write: 'According to a recent study by Stanford University, AI detectors often struggle with non-native English speakers, which proves that these tools aren't always reliable.'
1 Question I Still Have
Practice your next draft by researching one specific statistic about AI accuracy and replacing one 'first/second/third' transition with a more descriptive connecting sentence.
Rubric
1) Purpose/Organization

You have provided a clear thesis and organized your body paragraphs logically, though the progression feels a bit repetitive in its structure. ""In conclusion, I think schools should be cautious about allowing AI for homework until there's a clearer, fairer way to know what work actually belongs to the student."" To improve, try using more varied transitional phrases between paragraphs instead of just numbering your reasons to make the flow feel less formulaic.

Score

3
2) Evidence/Elaboration

You adequately support your argument with logical reasoning about detection tools and fairness, though you do not include specific facts or citations from external sources. ""Some students who write completely on their own get flagged as using AI, while other students who actually did use it manage to avoid detection."" Try to incorporate specific data or quotes from articles about AI detection accuracy to make your evidence more thorough and convincing.

Score

3
3) Conventions

You demonstrate an excellent command of language with clear sentence structure and precise punctuation throughout your essay. For instance, you correctly use a comma after a dependent clause in the sentence, ""When students use AI without permission, it isn't really fair to classmates who put in the time and effort to do their own work.""

Score

2
",8/10,7/29/2026,1,1,1,1,1,1,"The student response contains multiple clear strengths: a defensible thesis, logical paragraph structure, strong reasoning about fairness and AI detection, and generally polished conventions. The teacher feedback explicitly identifies several of these strengths in a specific and grounded way. It praises the clear thesis and organization, points to precise punctuation and sentence structure, and names the fairness/detection-tools paragraph as the strongest point, even quoting and paraphrasing the student’s reasoning about honest students being flagged while others avoid detection. This is not generic praise; it is anchored in the actual essay and explains what writing moves made the piece effective. The feedback also frames strengths in terms of the student’s argumentation, organization, and sentence-level choices, which is process-oriented. Therefore, the feedback clearly meets the criterion for acknowledging strength."
9th grade,ELA,Argumentative,Should students be allowed to use AI tools (like ChatGPT) for homework?,Strong,s5.1,"For — focuses on AI as a legitimate learning aid, similar to calculators or spell-check","Act as a 9th grade student and write an STRONG ELA argumentative essay (400-600 words) who cared about this assignment and revised it before turning it in on the topic: {Should students be allowed to use AI tools (like ChatGPT) for homework?} taking the position: {For — focuses on AI as a legitimate learning aid, similar to calculators or spell-check}. Open by stating your opinion clearly. Give 3+ reasons with real-world examples or facts to back each one up, explaining how each connects to your point. Bring up a reason someone might disagree with you, and respond to it. Use different ways to connect your ideas. Wrap up by restating your point in a new way. Keep spelling and grammar clean. 
","Students should be allowed to use AI tools like ChatGPT for homework because, when used responsibly, they function as a legitimate learning aid rather than a shortcut around learning.

The first reason is that AI can clarify confusing material in a way that supports understanding rather than replacing it. For instance, a student struggling with a difficult geometry proof can ask an AI tool to explain the reasoning behind a step, similar to how a calculator shows the result of a calculation without eliminating the need to understand the underlying math. In both cases, the tool supports comprehension instead of substituting for it.

The second reason is that AI can provide equitable access to academic help. Not every student has a parent, sibling, or tutor available to answer questions after school. A 2023 Pew Research survey found that many students already use AI tools for schoolwork, often because they need support outside of class hours. AI can fill that gap for students who would otherwise be stuck without help.

The third reason is precedent: schools have adapted to new technology before without abandoning academic standards. Calculators, spell-check, and grammar-checking software were all controversial when first introduced, yet today they are considered normal parts of a student's toolkit. AI is simply the next step in that same pattern, and treating it differently ignores how education has evolved with technology in the past.

Some people argue that AI does the thinking for students instead of the student doing it themselves. This concern makes sense in cases where AI is misused, but the solution is teaching responsible use, not banning the tool altogether. A calculator can also be misused to skip learning basic arithmetic, yet schools still allow it because the benefits of proper use outweigh the risks of misuse.

In conclusion, AI tools deserve a place in the classroom the same way calculators and spell-check already do. When used to support understanding rather than replace effort, AI can strengthen learning instead of undermining it, which is exactly what a good academic tool is supposed to do.",358,7/28/2026,"Strong, A-",7/29/2026,"Feedback
9

/

10

Summary
You delivered a highly organized and persuasive argument that effectively compares modern AI tools to historical classroom technology. Your writing is clear, professional, and demonstrates a strong command of grammar and structure.

3 Things You Did Well
Your use of logical transitions and a clear thesis made your argument easy to follow, especially when you tied everything together in your conclusion.
You used varied sentence structures and complex punctuation perfectly, such as when you listed tools like calculators and spell-check to show they are now normal parts of a student's toolkit.
The way you compared AI to calculators and cited the 2023 Pew Research survey was your strongest point because it provided a relatable and evidence-based reason for why students need extra support.
2 Things to Improve
To make your evidence even more persuasive, try including a direct quote from your source instead of just summarizing it. For example, instead of saying a survey found students need support, you could write: 'According to the Pew Research Center, 20% of students reported that AI helps them ""understand difficult topics when a teacher isn't available.""'
You can strengthen your elaboration by adding a specific 'real-world' detail to your examples. For instance, after mentioning after-school support, you could add: 'For a student whose parents work late shifts, an AI tutor acts as a 24/7 guide that can explain a math problem step-by-step.'
1 Question I Still Have
Practice finding one specific quote for every piece of data you use to give your future essays more authority and depth.
Rubric
1) Purpose/Organization

You have written a well-organized essay with a clear thesis, logical transitions between points, and a strong conclusion that ties everything together. ""In conclusion, AI tools deserve a place in the classroom the same way calculators and spell-check already do.""

Score

4
2) Evidence/Elaboration

You provide solid support by comparing AI to calculators and citing a survey to show how it helps students who lack after-school support. ""A 2023 Pew Research survey found that many students already use AI tools for schoolwork, often because they need support outside of class hours."" To reach the highest score, try adding more specific details or direct quotes from your sources to further elaborate on your evidence.

Score

3
3) Conventions

You demonstrate an excellent command of language conventions, featuring varied sentence structures and virtually no errors in grammar or punctuation. For example, you correctly use complex punctuation in the sentence: ""Calculators, spell-check, and grammar-checking software were all controversial when first introduced, yet today they are considered normal parts of a student's toolkit.""

Score

2
",9/10,7/29/2026,1,1,1,1,1,1,"The student text contains many clear strengths: a strong thesis, organized body structure, relevant examples, a counterargument/rebuttal, and specific evidence such as the Pew Research survey and the calculator analogy. The feedback directly identifies several of these strengths in a detailed and accurate way. It praises the essay’s organization, clarity, grammar, logical transitions, conclusion, sentence variety, comparison to calculators, and use of the survey. These acknowledgments are specific to what the student actually wrote and point to concrete writing moves and evidence choices rather than giving only generic praise. The feedback also frames strengths in terms of the student’s writing process and craft choices, such as tying ideas together in the conclusion, using transitions, and supporting claims with relatable and evidence-based reasoning. Therefore, the feedback clearly meets the criterion for acknowledging strength."
9th grade,ELA,Argumentative,Should students be allowed to use AI tools (like ChatGPT) for homework?,Strong,s5.2,For — focuses on preparing students for a workforce where AI literacy is essential,"Act as a 9th grade student and write an STRONG ELA argumentative essay (400-600 words) who cared about this assignment and revised it before turning it in on the topic: {Should students be allowed to use AI tools (like ChatGPT) for homework?} taking the position: {For — focuses on preparing students for a workforce where AI literacy is essential}. Open by stating your opinion clearly. Give 3+ reasons with real-world examples or facts to back each one up, explaining how each connects to your point. Bring up a reason someone might disagree with you, and respond to it. Use different ways to connect your ideas. Wrap up by restating your point in a new way. Keep spelling and grammar clean. ","Students should be allowed to use AI tools for homework because doing so helps prepare them for a workforce where AI literacy will be essential to nearly every career.

The first reason is that AI is already reshaping how many industries operate. Fields ranging from marketing to healthcare to software development now expect employees to know how to use AI tools effectively. If schools ban AI entirely, students may enter the workforce without the practical experience employers increasingly expect from new graduates.

The second reason is that AI literacy is becoming as fundamental as computer literacy once was. When personal computers first entered classrooms, schools recognized that students needed hands-on experience to function in a changing world, which is why computer classes became standard. AI is following a similar path, and students who never practice using it responsibly may be at a disadvantage compared to peers who do.

The third reason is that learning to use AI well is itself a skill that takes practice, much like learning to research effectively or write a strong argument. Knowing how to prompt AI thoughtfully, evaluate its answers critically, and combine its output with a student's own knowledge is not a shortcut, it is a skill schools could actively teach rather than ignore.

Some people worry that introducing AI too early could make students overly dependent on it instead of developing their own abilities. This is a reasonable concern, but the answer is not avoidance, it's guidance. Schools already teach students how to use potentially risky tools responsibly, like the internet, and AI could be approached the same way through clear expectations and instruction.

In conclusion, preparing students for their futures means preparing them for the tools they will actually encounter in the workplace. Rather than shielding students from AI, schools have an opportunity to teach them how to use it wisely, which will serve them far better once they enter a workforce where AI literacy is no longer optional.",330,7/28/2026,"Strong, A-",7/29/2026,"Feedback
9

/

10

Summary
You delivered a highly organized and persuasive argument regarding the importance of AI literacy in modern education. Your writing is clear, professional, and demonstrates a strong command of language and structure.

3 Things You Did Well
Your use of smooth transitions between your main points and the counter-argument creates a logical flow that makes your reasoning easy for the audience to follow.
You used excellent grammar and punctuation throughout, which ensured that complex ideas like the critical evaluation of AI remained clear and readable.
Your comparison between AI literacy and the historical rise of computer literacy was a brilliant way to provide context and make your argument feel both urgent and grounded.
2 Things to Improve
To make your argument even more convincing, try adding specific data or expert quotes to back up your claims. For example, instead of just saying it is a needed skill, you could write: 'According to a 2023 LinkedIn report, 70% of hiring managers now look for AI proficiency in new candidates.'
While your sentences are clear, you can strengthen your evidence by moving from general observations to specific facts. Instead of 'schools recognized students needed experience,' try: 'By 1990, over 95% of U.S. schools had integrated computer labs to meet the demands of the digital age.'
1 Question I Still Have
Research one specific statistic or a quote from an educational expert to integrate into your next draft to provide more authoritative evidence.
Rubric
1) Purpose/Organization

You have organized your essay exceptionally well with a clear claim and a logical flow that uses smooth transitions between your points and the counter-argument. ""In conclusion, preparing students for their futures means preparing them for the tools they will actually encounter in the workplace.""

Score

4
2) Evidence/Elaboration

You provide a strong and convincing argument by comparing AI literacy to computer literacy, though integrating more specific external data or expert quotes could further strengthen your points. ""When personal computers first entered classrooms, schools recognized that students needed hands-on experience to function in a changing world, which is why computer classes became standard."" To reach the highest level, try to incorporate specific facts, statistics, or direct quotes from educational or workforce studies to back up your claims.

Score

3
3) Conventions

You demonstrate an excellent command of grammar and punctuation, making your essay very easy to read and follow. For example, your work is clear in sentences like ""Knowing how to prompt AI thoughtfully, evaluate its answers critically, and combine its output with a student's own knowledge is not a shortcut, it is a skill schools could actively teach rather than ignore.""

Score

2
",9/10,7/29/2026,1,1,1,1,1,1,"The student text contains multiple clear strengths: a strong central claim, logical organization across three reasons plus a counterargument, a relevant analogy between AI literacy and computer literacy, and generally polished sentence-level writing. The feedback clearly identifies and names several of these strengths in a way that is specific to this essay. It praises the smooth transitions and logical flow, the strong grammar and punctuation, and especially the comparison between AI literacy and the rise of computer literacy. It also quotes and references specific lines from the student’s essay in the rubric sections, showing that the praise is anchored in the actual student response. The feedback frames these strengths in terms of writing moves and strategies—organization, transitions, comparison, clarity—rather than fixed traits alone. Because the acknowledgment is specific, evidence-based, and tied to meaningful aspects of the student’s writing, the feedback meets the criterion."
9th grade,ELA,Argumentative,Should students be allowed to use AI tools (like ChatGPT) for homework?,Strong,s5.3,Against — focuses on AI undermining genuine skill-building and critical thinking,"Act as a 9th grade student and write an STRONG ELA argumentative essay (400-600 words) who cared about this assignment and revised it before turning it in on the topic: {Should students be allowed to use AI tools (like ChatGPT) for homework?} taking the position: {Against — focuses on AI undermining genuine skill-building and critical thinking}. Open by stating your opinion clearly. Give 3+ reasons with real-world examples or facts to back each one up, explaining how each connects to your point. Bring up a reason someone might disagree with you, and respond to it. Use different ways to connect your ideas. Wrap up by restating your point in a new way. Keep spelling and grammar clean. ","Students should not be allowed to use AI tools for homework because doing so undermines the genuine skill-building and critical thinking that homework is designed to develop.

The first reason is that struggling through a problem is often where real learning happens. When AI provides an instant answer, students skip the productive struggle that builds understanding, similar to how using a calculator for every basic equation would prevent a student from ever mastering arithmetic. Homework exists specifically to give students that practice, and AI removes the very process it's meant to reinforce.

The second reason is that overreliance on AI can weaken critical thinking over time. A 2023 study from the Center for Democracy and Technology found that a significant number of teachers reported concerns about students using AI to complete assignments without engaging with the material. If students consistently offload thinking to AI, they may struggle later when facing tests, timed writing, or real-world problems where AI assistance isn't available.

The third reason is that homework serves as a diagnostic tool for teachers. When a student completes homework independently, a teacher can identify gaps in understanding and adjust instruction accordingly. If AI completes or heavily assists with that work, it becomes far more difficult for teachers to know what a student truly understands, which can allow learning gaps to go unnoticed until they cause bigger problems.

Some people argue that AI is simply a modern learning aid, no different from a calculator or spell-check. This comparison has some merit, but there's an important distinction: calculators handle computation while students still perform the mathematical reasoning, whereas AI can generate entire arguments, explanations, or essays, removing the reasoning process itself rather than supporting it.

In conclusion, while AI has legitimate uses in some contexts, homework specifically exists to build skills through practice and struggle. Allowing AI to complete that work risks weakening the very abilities students need most, which is why schools should limit its use for assignments meant to build independent thinking.",342,7/28/2026,"Strong, A-",7/29/2026,"Feedback
10

/

10

Summary
You delivered a highly persuasive and well-structured argument regarding the impact of AI on education. Your ability to use specific evidence and maintain perfect grammar made your essay very professional.

3 Things You Did Well
Your use of the 2023 study from the Center for Democracy and Technology provided strong authority to your argument, making it much harder for a reader to disagree with your points.
You used advanced punctuation like colons perfectly to separate complex ideas, which helped the audience follow your logic without getting lost in long sentences.
The way you organized your essay was your strongest asset; by ending with the idea that learning requires 'practice and struggle,' you left the reader with a powerful and logical conclusion.
2 Things to Improve
To make your counter-arguments even stronger, try using a 'Turn Against/Turn Back' structure. For example, instead of just stating the distinction, you could write: 'While some argue AI is just like a calculator (Turn Against), this ignores a key difference: calculators solve math, but AI replaces the human thought process (Turn Back).'
You can increase the impact of your evidence by adding a 'so what' sentence immediately after a quote to connect it back to your main thesis. Instead of ending after the study data, you could add: 'This data proves that the issue isn't just about cheating, but about the total loss of student engagement with the subject matter.'
1 Question I Still Have
Practice the 'Turn Against/Turn Back' method in your next outline to ensure your rebuttals always lead directly back to your main argument.
Rubric
1) Purpose/Organization

Your essay has a very clear organization with a strong introduction, logical body paragraphs, and a thoughtful conclusion. ""In conclusion, while AI has legitimate uses in some contexts, homework specifically exists to build skills through practice and struggle.""

Score

4
2) Evidence/Elaboration

You provided solid evidence and effectively elaborated on why AI can be harmful to learning, specifically by addressing the counter-argument about calculators. ""A 2023 study from the Center for Democracy and Technology found that a significant number of teachers reported concerns about students using AI to complete assignments without engaging with the material.""

Score

4
3) Conventions

You demonstrate an excellent command of conventions through clear sentence formation, precise punctuation, and correct grammar usage throughout your essay. For example, you correctly use a colon to introduce a distinction in the sentence: ""This comparison has some merit, but there's an important distinction: calculators handle computation while students still perform the mathematical reasoning, whereas AI can generate entire arguments, explanations, or essays, removing the reasoning process itself rather than supporting it.""

Score

2
",10/10,7/29/2026,1,1,1,1,1,1,"The student response contains several clear strengths: a defensible thesis, logical paragraph organization, a counterargument and rebuttal, specific evidence from a 2023 study, and strong control of conventions. The teacher feedback explicitly identifies these strengths in detail. It praises the essay as persuasive and well-structured, points to the specific study as strong evidence, highlights the student’s use of colons and grammar, and names the organization and conclusion as especially effective. These acknowledgments are specific, grounded in exact parts of the student’s essay, and framed around the student’s writing choices and strategies rather than vague traits alone. Because the feedback clearly and specifically names what is working in the student’s response, it meets the criterion."
9th grade,ELA,Argumentative,Should students be allowed to use AI tools (like ChatGPT) for homework?,Strong,s5.4,Against — focuses on academic integrity and difficulty distinguishing AI-assisted from original work,"Act as a 9th grade student and write an STRONG ELA argumentative essay (400-600 words) who cared about this assignment and revised it before turning it in on the topic: {Should students be allowed to use AI tools (like ChatGPT) for homework?} taking the position: {Against — focuses on academic integrity and difficulty distinguishing AI-assisted from original work}. Open by stating your opinion clearly. Give 3+ reasons with real-world examples or facts to back each one up, explaining how each connects to your point. Bring up a reason someone might disagree with you, and respond to it. Use different ways to connect your ideas. Wrap up by restating your point in a new way. Keep spelling and grammar clean. ","Students should not be allowed to use AI tools for homework because it creates serious academic integrity issues, particularly the difficulty of distinguishing AI-assisted work from a student's own.

The first reason is that AI detection tools remain unreliable. Numerous reports have shown that AI detectors can incorrectly flag original student writing as AI-generated while missing genuinely AI-produced work, creating a system where honest students risk false accusations and dishonest students may go undetected. This inconsistency makes it nearly impossible for teachers to fairly evaluate whose work is truly original.

The second reason is that unclear boundaries around AI use create unfairness among students. A student who spends hours writing and revising an essay is put at a disadvantage compared to a classmate who generates a similar essay in minutes using AI, yet both may receive comparable grades. Grades are meant to reflect individual understanding and effort, and that purpose breaks down when it's unclear whether work reflects a student's own ability.

The third reason is that academic integrity depends on trust, and that trust becomes harder to maintain when the line between ""using a tool"" and ""having a tool do the work"" is blurry. Unlike a calculator, which performs a clearly defined function, AI can generate entire pieces of writing, making it far more difficult to determine where legitimate assistance ends and academic dishonesty begins.

Some people compare AI to spell-check or calculators, arguing it's simply another helpful tool. This comparison overlooks an important difference: spell-check corrects existing student writing, while AI can generate original content from scratch, which is a fundamentally different level of involvement in producing the work.

In conclusion, until schools develop clearer, more reliable ways to determine what counts as a student's own work, allowing AI for homework risks damaging the fairness and trust that academic integrity depends on. Protecting that trust means being cautious about how, and whether, AI is used in assignments meant to reflect a student's own understanding.",331,7/28/2026,"Strong, A-",7/29/2026,"Feedback
10

/

10

Summary
You have written a highly organized and persuasive essay that effectively distinguishes between simple digital tools and generative AI. Your clear structure and strong command of grammar make your argument about academic integrity very compelling.

3 Things You Did Well
Your logical flow and clear claim make it easy for the reader to follow your reasoning from start to finish.
You used advanced punctuation, like colons, to introduce explanations perfectly, which gives your writing a professional and polished feel.
The way you explained the difference between spell-check and AI-generated content was your strongest point because it provided a concrete reason why AI is a unique challenge for schools.
2 Things to Improve
To make your transitions even smoother, try using more varied linking words between paragraphs. For example, instead of just starting a new point, you could say: 'Beyond the technical differences of these tools, we must also consider the impact on teacher-student trust.'
While your conclusion is strong, you could make it even more impactful by adding a specific 'call to action' for the reader. Instead of just stating the risk, you could write: 'Therefore, school boards should prioritize creating clear AI usage policies before the next school year begins.'
1 Question I Still Have
Practice incorporating one specific call to action in your next conclusion and use a transitional phrase to connect your two most important body paragraphs.
Rubric
1) Purpose/Organization

You have created a very well-organized essay with a clear claim and a logical flow that makes your argument easy to follow. ""In conclusion, until schools develop clearer, more reliable ways to determine what counts as a student's own work, allowing AI for homework risks damaging the fairness and trust that academic integrity depends on.""

Score

4
2) Evidence/Elaboration

You provide strong and convincing arguments by explaining how AI differs from other tools and the problems with current detection methods. ""This comparison overlooks an important difference: spell-check corrects existing student writing, while AI can generate original content from scratch, which is a fundamentally different level of involvement in producing the work.""

Score

4
3) Conventions

Your essay shows a strong command of conventions with clear sentence structure and precise punctuation throughout. For example, you correctly used a colon to introduce an explanation in: ""This comparison overlooks an important difference: spell-check corrects existing student writing, while AI can generate original content from scratch, which is a fundamentally different level of involvement in producing the work.""

Score

2
",10/10,7/29/2026,1,1,1,1,1,1,"The student text contains several clear strengths: a focused claim, strong organization, specific reasons, an effective comparison between spell-check and generative AI, and solid control of conventions. The feedback explicitly and repeatedly acknowledges these strengths. It names particular features of the student's essay as successful, such as the logical flow, clear claim, use of colons, and especially the explanation distinguishing spell-check from AI-generated content. These acknowledgments are specific, accurate, and directly grounded in the student's actual writing, including quoted evidence from the essay. The feedback also frames strengths in terms of writing moves and craft choices the student made, not just vague praise or fixed traits. Because it clearly identifies what the student did well and ties that praise to concrete parts of the response, it meets the criterion."
